,c,gamma,fNumSV-0,fGMean-0,fNumSV-1,fGMean-1,fNumSV-2,fGMean-2,fNumSV-3,fGMean-3,fNumSV-4,fGMean-4,fNumSV-5,fGMean-5,fNumSV-6,fGMean-6,fNumSV-7,fGMean-7,fNumSV-8,fGMean-8,dl-0,dc-0,dl-1,dc-1,dl-2,dc-2,dl-3,dc-3,dl-4,dc-4,dl-5,dc-5,dl-6,dc-6,dl-7,dc-7,dl-8,dc-8
0,0.03125,3e-05,756,0.0,1142,0.0,1186,0.0,1072,0.0,1210,0.0,1116,0.0,620,0.0,857,0.0,1048,0.0,1,0,1,0,1,0,1,0,1,0,1,0,1,0,1,0,1,0
1,0.03125,0.42108,764,0.0,1141,0.55143,1092,0.61521,1081,0.75769,827,0.80611,590,0.19203,692,0.25759,857,0.28748,1063,0.54512,2,1,21,352,15,360,20,362,8,33,1,0,2,1,2,1,8,74
2,0.03125,0.84213,776,0.0,1146,0.47148,1129,0.58381,1093,0.76205,819,0.79929,617,0.07856,794,0.10885,953,0.19179,1097,0.24292,4,3,21,227,15,329,20,363,7,26,1,0,2,1,2,1,2,1
3,0.03125,1.26318,775,0.0,1146,0.3766,1152,0.56073,1101,0.76014,828,0.78721,665,0.07856,879,0.0,1015,0.11346,1135,0.15568,3,2,2,1,13,174,20,363,6,20,2,1,2,1,2,1,2,1
4,0.03125,1.68423,784,0.0,1148,0.23928,1170,0.50344,1101,0.7627,842,0.78605,705,0.0786,944,0.0,1066,0.07433,1168,0.04591,5,4,3,4,1,0,20,365,5,19,3,2,3,2,2,1,2,1
5,0.03125,2.10529,798,0.0,1147,0.08525,1178,0.47025,1106,0.76173,867,0.78489,744,0.07864,1005,0.0,1113,0.07433,1196,0.04591,6,5,2,1,1,0,20,364,5,19,4,3,4,3,3,2,3,2
6,0.03125,2.52634,805,0.0,1148,0.0,1189,0.42334,1112,0.75554,883,0.78489,780,0.07873,1045,0.0,1145,0.07433,1215,0.0,7,6,2,1,2,1,20,362,6,20,5,4,5,4,4,3,2,1
7,0.03125,2.94739,810,0.0,1149,0.0,1197,0.41182,1113,0.75206,895,0.78489,808,0.07881,1084,0.0,1171,0.06069,1228,0.0,8,7,3,3,2,1,20,362,7,21,6,5,6,5,2,1,3,2
8,0.03125,3.36844,819,0.0,1148,0.0,1206,0.39225,1114,0.74625,902,0.78543,835,0.05573,1114,0.0,1189,0.06069,1243,0.0,9,8,2,1,4,3,20,351,8,22,1,0,7,6,3,2,4,3
9,0.03125,3.78949,822,0.0,1150,0.0,1206,0.33488,1115,0.73976,917,0.78597,864,0.05573,1142,0.0,1201,0.06069,1253,0.0,10,9,4,4,3,2,20,248,9,23,2,1,8,7,4,3,5,4
10,0.03125,4.21054,827,0.0,1153,0.0,1205,0.29547,1118,0.73372,929,0.78597,891,0.05573,1164,0.0,1218,0.06069,1260,0.0,11,10,7,10,2,1,12,34,10,24,3,2,9,8,5,4,6,5
11,0.03125,4.63159,832,0.0,1150,0.0,1208,0.24192,1127,0.73261,942,0.78597,904,0.05576,1187,0.0,1232,0.04291,1262,0.0,12,11,4,4,2,1,10,22,11,25,4,3,10,9,2,1,7,6
12,0.03125,5.05264,832,0.0,1151,0.0,1214,0.21866,1139,0.73261,954,0.78597,915,0.05579,1204,0.0,1243,0.04291,1265,0.0,12,11,5,6,2,1,11,23,12,26,5,4,11,10,3,2,8,7
13,0.03125,5.47369,837,0.0,1151,0.0,1218,0.21051,1143,0.73371,959,0.78589,922,0.05579,1216,0.0,1250,0.0,1268,0.0,13,13,5,6,3,2,12,36,9,23,6,5,12,11,2,1,9,8
14,0.03125,5.89474,844,0.0,1154,0.0,1217,0.21109,1147,0.0,970,0.78589,939,0.05581,1226,0.0,1255,0.0,1269,0.0,14,14,8,13,2,1,2,1,10,24,7,6,13,12,3,2,10,9
15,0.03125,6.3158,848,0.0,1153,0.0,1218,0.2021,1154,0.0,981,0.78589,945,0.05581,1234,0.0,1260,0.0,1270,0.0,15,15,7,10,2,1,3,2,10,25,8,7,13,13,4,3,11,10
16,0.03125,6.73685,852,0.0,1152,0.0,1222,0.18794,1159,0.0,982,0.78642,953,0.05581,1240,0.0,1263,0.0,1271,0.0,16,16,6,8,2,1,4,3,11,31,9,8,13,14,5,4,12,11
17,0.03125,7.1579,855,0.0,1152,0.0,1225,0.17259,1161,0.0,991,0.78642,962,0.05581,1249,0.0,1264,0.0,1272,0.0,17,17,6,8,2,1,4,4,11,32,10,9,13,15,6,5,13,14
18,0.03125,7.57895,859,0.0,1153,0.0,1224,0.1727,1164,0.0,994,0.78642,968,0.05581,1250,0.0,1265,0.0,1271,0.0,18,18,7,10,2,1,4,5,11,33,11,10,13,16,7,6,12,11
19,0.03125,8.0,870,0.0,1154,0.0,1226,0.1727,1168,0.0,998,0.78642,973,0.05581,1252,0.0,1266,0.0,1271,0.0,19,19,8,13,3,3,5,6,12,34,12,11,14,17,8,7,12,11
20,1724.66118,3e-05,675,0.3507,962,0.65697,903,0.64083,986,0.76824,701,0.82481,389,0.55474,549,0.68682,636,0.68203,644,0.83994,31,242,23,368,15,361,20,361,22,61,8,18,8,19,18,50,12,40
21,1724.66118,0.42108,542,0.46881,607,0.53822,645,0.61803,683,0.75105,414,0.74554,291,0.70184,451,0.68233,424,0.71497,528,0.66356,15,68,18,104,10,79,12,174,3,4,6,23,8,18,12,18,8,18
22,1724.66118,0.84213,538,0.48823,601,0.53931,650,0.54945,647,0.74622,423,0.78654,351,0.64187,534,0.70048,537,0.57408,658,0.73784,14,70,18,102,10,67,11,148,5,19,9,28,8,19,11,18,12,37
23,1724.66118,1.26318,547,0.45946,614,0.56617,655,0.55152,637,0.73051,422,0.81547,408,0.60875,625,0.706,642,0.5401,760,0.71411,15,74,20,138,10,72,6,11,9,37,11,35,9,42,18,34,15,52
24,1724.66118,1.68423,552,0.44707,610,0.56105,687,0.54088,622,0.72853,486,0.82887,458,0.5893,721,0.65988,738,0.51292,837,0.67768,15,77,19,125,10,45,5,8,11,46,11,37,3,2,13,26,12,37
25,1724.66118,2.10529,560,0.41621,615,0.54239,699,0.5629,643,0.73268,508,0.84348,506,0.56146,808,0.63645,806,0.50295,901,0.63902,14,98,19,127,12,117,7,14,11,103,11,37,3,3,12,39,13,44
26,1724.66118,2.52634,570,0.41074,630,0.52159,716,0.57689,648,0.73786,529,0.84063,554,0.55464,879,0.60664,869,0.46843,945,0.60167,22,140,16,105,13,140,10,37,10,77,10,36,3,4,6,19,9,26
27,1724.66118,2.94739,581,0.39001,634,0.51512,736,0.58401,655,0.73955,562,0.83212,596,0.52256,938,0.59592,910,0.44516,977,0.57143,27,157,15,107,13,160,10,60,11,49,3,21,3,4,6,20,8,18
28,1724.66118,3.36844,602,0.35531,659,0.49431,744,0.57862,664,0.74122,591,0.83231,629,0.48143,983,0.55117,943,0.41616,1002,0.54737,29,185,13,112,13,164,11,75,12,52,4,20,4,5,6,20,6,17
29,1724.66118,3.78949,605,0.33101,666,0.47689,752,0.58293,672,0.7423,611,0.83146,665,0.47338,1023,0.51905,965,0.38515,1027,0.52203,29,166,12,69,13,174,12,105,12,49,3,21,5,6,4,21,5,18
30,1724.66118,4.21054,609,0.31722,715,0.46521,774,0.58113,697,0.74713,633,0.8312,698,0.44329,1053,0.50422,983,0.35888,1042,0.50171,30,162,14,63,13,209,12,186,17,59,4,21,6,7,4,21,5,18
31,1724.66118,4.63159,607,0.29893,737,0.45808,795,0.59222,715,0.7462,653,0.82956,719,0.43247,1078,0.48115,1009,0.3441,1053,0.49124,29,144,13,48,14,251,13,201,21,64,5,22,6,7,3,3,7,19
32,1724.66118,5.05264,617,0.3027,750,0.45579,808,0.59008,725,0.74108,674,0.83345,743,0.42012,1101,0.47295,1036,0.31363,1066,0.46513,30,160,14,54,14,258,14,135,21,94,5,22,7,8,3,4,7,19
33,1724.66118,5.47369,633,0.29753,770,0.4488,811,0.59287,732,0.74203,693,0.83482,758,0.40975,1123,0.46421,1050,0.28987,1073,0.44247,29,174,15,43,14,260,15,167,22,114,6,23,8,9,4,22,2,1
34,1724.66118,5.89474,653,0.29823,783,0.44272,826,0.58831,744,0.74652,707,0.83482,779,0.39209,1139,0.45438,1059,0.25997,1083,0.42435,30,191,14,54,14,283,17,254,22,134,5,5,8,9,4,21,5,19
35,1724.66118,6.3158,661,0.29028,798,0.44544,836,0.58695,766,0.74329,715,0.83602,786,0.3691,1153,0.43641,1075,0.25643,1089,0.40543,29,186,15,81,15,298,17,232,22,207,6,6,9,10,5,40,5,18
36,1724.66118,6.73685,684,0.28825,804,0.43987,853,0.5888,779,0.73846,723,0.83962,792,0.3399,1163,0.4234,1084,0.25284,1092,0.3923,28,186,16,73,15,334,18,152,23,262,7,24,9,10,4,22,5,19
37,1724.66118,7.1579,697,0.2853,811,0.43786,866,0.59799,787,0.73905,737,0.84201,804,0.3354,1169,0.39246,1096,0.24921,1094,0.38285,27,176,16,81,15,354,19,193,23,293,6,6,10,11,3,4,4,34
38,1724.66118,7.57895,709,0.28485,823,0.43624,883,0.60044,797,0.74195,753,0.84109,814,0.31225,1177,0.36172,1105,0.24177,1098,0.37595,27,177,19,90,15,358,19,260,23,288,7,7,10,11,3,4,6,20
39,1724.66118,8.0,719,0.28232,836,0.4354,887,0.60767,808,0.74071,760,0.83909,820,0.29789,1181,0.35562,1112,0.23812,1101,0.36464,25,159,18,99,15,359,20,260,23,248,7,7,10,11,3,4,4,19
40,3449.29112,3e-05,656,0.39331,943,0.65349,892,0.64332,968,0.78446,672,0.82107,372,0.55089,537,0.70144,630,0.68645,632,0.83994,31,267,21,361,15,361,20,361,22,57,7,17,8,20,17,52,9,21
41,3449.29112,0.42108,520,0.49707,596,0.51581,625,0.56632,652,0.75202,398,0.74244,279,0.68967,432,0.68022,396,0.71375,522,0.63327,9,34,15,69,9,57,12,157,2,1,5,12,8,17,11,16,7,17
42,3449.29112,0.84213,523,0.47423,583,0.54935,634,0.54268,630,0.7458,408,0.78919,343,0.62876,516,0.70628,506,0.56813,640,0.67207,9,39,17,87,9,40,11,138,5,18,8,17,8,19,10,17,12,36
43,3449.29112,1.26318,540,0.4547,596,0.56328,654,0.53164,615,0.72522,421,0.81807,406,0.60875,625,0.70545,634,0.52468,748,0.76077,14,48,19,117,6,8,3,3,9,37,11,34,8,24,9,16,13,38
44,3449.29112,1.68423,543,0.44079,588,0.54924,666,0.54939,612,0.732,468,0.83313,457,0.58662,721,0.65988,734,0.51596,831,0.68814,14,50,18,90,10,72,5,10,11,48,10,35,3,2,15,29,13,42
45,3449.29112,2.10529,549,0.41922,597,0.5255,684,0.56228,603,0.73939,484,0.84502,499,0.55799,808,0.63645,804,0.5026,898,0.64197,14,64,16,79,11,107,8,38,10,90,10,20,3,3,11,37,13,50
46,3449.29112,2.52634,568,0.39034,612,0.51259,700,0.56966,608,0.7373,511,0.84288,552,0.55206,879,0.60664,866,0.47,944,0.60167,21,125,14,76,12,120,9,26,11,89,9,35,3,4,6,19,8,24
47,3449.29112,2.94739,577,0.35665,622,0.4879,714,0.57479,609,0.74,546,0.83539,593,0.51951,938,0.59592,903,0.44454,977,0.57053,26,135,12,64,12,134,9,49,12,51,2,18,3,4,5,18,7,17
48,3449.29112,3.36844,574,0.31761,635,0.47406,722,0.57985,619,0.7423,587,0.8317,626,0.47841,983,0.55117,936,0.4137,1002,0.54548,23,91,10,38,13,147,10,73,12,49,3,19,4,5,5,19,5,16
49,3449.29112,3.78949,580,0.30734,651,0.47284,746,0.57479,628,0.73564,614,0.83249,660,0.47285,1023,0.51905,961,0.38253,1025,0.52004,26,99,10,52,13,163,8,20,13,54,2,2,5,6,4,20,4,5
50,3449.29112,4.21054,583,0.29587,669,0.46306,766,0.57849,647,0.73852,636,0.83577,693,0.44305,1053,0.50422,980,0.35864,1041,0.50171,25,94,10,39,13,192,10,44,14,105,3,3,6,7,3,3,4,17
51,3449.29112,4.63159,589,0.29226,684,0.4617,789,0.58,694,0.74108,655,0.83328,713,0.42879,1078,0.48115,1009,0.3441,1053,0.48911,26,104,13,41,14,230,12,95,20,74,4,4,6,7,3,3,6,18
52,3449.29112,5.05264,601,0.29249,740,0.45343,796,0.58253,718,0.73592,674,0.83345,742,0.42012,1101,0.47295,1029,0.31939,1065,0.46401,28,132,12,38,14,250,13,46,21,94,4,4,7,8,3,4,6,18
53,3449.29112,5.47369,606,0.28507,757,0.44729,807,0.57951,727,0.73816,693,0.83482,757,0.40952,1123,0.46421,1044,0.28987,1073,0.44247,25,124,14,39,14,251,14,86,22,114,5,5,8,9,3,4,2,1
54,3449.29112,5.89474,620,0.28597,780,0.4413,821,0.57669,742,0.73781,707,0.83482,779,0.39209,1139,0.45438,1054,0.25643,1083,0.42188,27,143,13,46,14,265,16,97,22,134,5,5,8,9,3,3,4,16
55,3449.29112,6.3158,633,0.28575,792,0.43844,834,0.57427,756,0.73811,715,0.83602,786,0.3691,1153,0.43641,1074,0.25643,1089,0.40543,26,155,14,50,14,269,16,109,22,207,6,6,9,10,4,22,5,18
56,3449.29112,6.73685,671,0.28575,800,0.43658,848,0.57745,772,0.73681,723,0.83962,791,0.3399,1163,0.4234,1083,0.25284,1092,0.38962,27,176,14,54,15,298,18,88,23,262,6,6,9,10,3,4,4,18
57,3449.29112,7.1579,689,0.28299,810,0.43801,860,0.57109,786,0.7371,737,0.84201,804,0.3354,1169,0.39246,1096,0.24921,1094,0.3801,26,159,16,82,14,259,18,127,23,293,6,6,10,11,3,4,3,17
58,3449.29112,7.57895,699,0.27716,824,0.44073,869,0.58365,798,0.7397,753,0.84109,814,0.31225,1177,0.36172,1105,0.24177,1098,0.37315,16,103,20,112,15,327,19,228,23,288,7,7,10,11,3,4,5,19
59,3449.29112,8.0,712,0.27518,836,0.4393,870,0.59038,805,0.73876,760,0.83909,820,0.29789,1181,0.35562,1112,0.23812,1101,0.36464,17,92,20,123,15,343,19,203,23,248,7,7,10,11,3,4,4,19
60,5173.92105,3e-05,647,0.41373,935,0.65528,890,0.64415,955,0.78671,661,0.81997,368,0.54302,531,0.7097,622,0.68645,626,0.83842,31,273,22,362,15,363,20,362,21,56,6,16,9,37,15,47,9,20
61,5173.92105,0.42108,518,0.51077,591,0.52567,601,0.55841,637,0.74906,396,0.74009,279,0.68419,428,0.67786,397,0.70345,513,0.63273,9,32,16,64,8,27,11,151,1,0,4,11,8,13,11,16,7,16
62,5173.92105,0.84213,530,0.46003,583,0.54938,618,0.5382,615,0.7365,397,0.79219,331,0.61966,519,0.70628,506,0.54787,637,0.64788,12,36,18,88,7,19,8,22,5,17,7,13,8,20,9,16,11,31
63,5173.92105,1.26318,536,0.4548,581,0.55538,641,0.53388,601,0.72701,416,0.82341,405,0.60878,625,0.70545,624,0.52884,752,0.73098,13,43,17,90,6,10,4,6,10,38,11,34,8,24,12,21,15,52
64,5173.92105,1.68423,537,0.43889,584,0.53384,658,0.55235,597,0.73878,409,0.83605,452,0.58859,721,0.65988,729,0.51596,830,0.68953,13,43,17,71,10,78,7,30,11,45,10,35,3,2,14,28,14,48
65,5173.92105,2.10529,546,0.40763,584,0.5128,673,0.56001,603,0.7373,413,0.84432,496,0.55767,808,0.63645,801,0.50224,895,0.6415,13,53,14,52,11,100,8,24,10,82,9,19,3,3,10,36,13,49
66,5173.92105,2.52634,562,0.3788,594,0.49948,692,0.56145,601,0.73663,503,0.84288,548,0.54916,879,0.60664,864,0.46745,945,0.60167,14,90,12,52,11,110,8,19,10,87,8,33,3,4,5,18,9,26
67,5173.92105,2.94739,560,0.33752,619,0.48715,706,0.57464,599,0.74065,550,0.83662,589,0.51115,938,0.59592,905,0.44017,976,0.57053,13,51,11,59,12,128,8,42,12,56,1,0,3,4,4,3,6,16
68,5173.92105,3.36844,565,0.3182,631,0.47939,720,0.56818,612,0.742,585,0.83109,624,0.47787,983,0.55117,935,0.4074,1003,0.54548,16,61,12,46,12,139,10,66,11,48,2,2,4,5,4,18,6,17
69,5173.92105,3.78949,568,0.30833,644,0.4747,738,0.57117,623,0.73911,614,0.83559,660,0.47285,1023,0.51905,957,0.38016,1024,0.51803,20,70,11,43,13,157,9,45,13,74,2,2,5,6,3,3,1,0
70,5173.92105,4.21054,577,0.29941,652,0.46622,765,0.57451,639,0.73681,636,0.83577,693,0.44305,1053,0.50422,980,0.35864,1041,0.50067,25,89,10,30,13,183,9,27,14,105,3,3,6,7,3,3,3,14
71,5173.92105,4.63159,584,0.28463,678,0.45716,786,0.56509,692,0.73297,655,0.83328,713,0.42879,1078,0.48115,1009,0.3441,1053,0.48805,24,82,12,25,13,205,8,15,20,74,4,4,6,7,3,3,5,17
72,5173.92105,5.05264,592,0.28254,741,0.45624,793,0.56522,712,0.73362,674,0.83345,742,0.42012,1101,0.47295,1029,0.31939,1064,0.46177,23,86,14,48,13,210,9,18,21,94,4,4,7,8,3,4,5,17
73,5173.92105,5.47369,599,0.28825,754,0.44086,801,0.56675,726,0.73587,693,0.83482,757,0.40952,1123,0.46421,1044,0.28987,1073,0.44247,27,120,11,25,14,222,13,48,22,114,5,5,8,9,3,4,2,1
74,5173.92105,5.89474,610,0.28299,777,0.44228,812,0.56393,738,0.73746,707,0.83482,779,0.39209,1139,0.45438,1054,0.25643,1083,0.42188,24,115,13,45,13,200,16,85,22,134,5,5,8,9,3,3,4,16
75,5173.92105,6.3158,621,0.28299,787,0.44185,830,0.56869,760,0.73616,715,0.83602,786,0.3691,1153,0.43641,1074,0.25643,1089,0.40153,25,127,14,57,14,238,16,62,22,207,6,6,9,10,4,22,4,17
76,5173.92105,6.73685,636,0.28848,801,0.43801,845,0.57395,773,0.73485,723,0.83962,791,0.3399,1163,0.4234,1083,0.25284,1092,0.38828,28,169,15,63,14,271,14,46,23,262,6,6,9,10,3,4,3,17
77,5173.92105,7.1579,659,0.2776,809,0.43557,852,0.57438,783,0.73645,737,0.84201,804,0.3354,1169,0.39246,1096,0.24921,1094,0.37872,15,103,15,67,14,279,18,85,23,293,6,6,10,11,3,4,2,1
78,5173.92105,7.57895,692,0.27781,822,0.43599,860,0.58375,796,0.7384,753,0.84109,814,0.31225,1177,0.36172,1105,0.24177,1098,0.37175,16,107,18,88,15,327,19,182,23,288,7,7,10,11,3,4,4,18
79,5173.92105,8.0,708,0.27251,837,0.43412,869,0.59381,805,0.73746,760,0.83909,820,0.29789,1181,0.35562,1112,0.23812,1101,0.36176,16,71,17,95,15,352,18,134,23,248,7,7,10,11,3,4,3,2
80,6898.55099,3e-05,642,0.43179,928,0.65769,886,0.64415,950,0.78671,651,0.81997,362,0.53751,532,0.70369,619,0.68869,623,0.83801,32,278,25,372,15,361,20,361,21,55,5,15,8,19,15,46,8,19
81,6898.55099,0.42108,524,0.53524,589,0.53323,588,0.55134,625,0.74512,393,0.74431,279,0.67454,416,0.67619,395,0.69614,504,0.62993,10,55,17,71,7,19,11,129,1,0,4,10,7,10,11,15,6,15
82,6898.55099,0.84213,517,0.44905,576,0.54877,609,0.52685,608,0.73396,401,0.79181,322,0.61717,519,0.70628,501,0.53067,636,0.64636,3,2,15,77,4,6,6,12,5,18,5,9,8,20,8,15,10,30
83,6898.55099,1.26318,529,0.45734,567,0.54216,637,0.53435,599,0.72408,413,0.82314,403,0.60841,625,0.70545,628,0.53494,754,0.72207,11,34,12,55,7,11,2,2,9,36,11,33,8,24,14,28,15,52
84,6898.55099,1.68423,542,0.43484,579,0.52009,651,0.55286,592,0.7383,404,0.83734,451,0.58557,721,0.65988,727,0.51897,830,0.69092,12,46,14,52,10,74,6,21,11,44,10,34,3,2,15,29,14,51
85,6898.55099,2.10529,544,0.39663,584,0.51011,671,0.55775,593,0.73914,401,0.84658,491,0.56114,808,0.63645,794,0.49659,895,0.64071,12,40,13,49,11,94,7,28,10,75,10,34,3,3,8,26,13,47
86,6898.55099,2.52634,550,0.36194,593,0.48407,687,0.56024,588,0.7426,504,0.8444,546,0.54885,879,0.60664,862,0.46521,944,0.60167,12,40,8,27,11,109,7,34,11,105,7,17,3,4,4,17,8,24
87,6898.55099,2.94739,555,0.34221,612,0.47987,702,0.56555,591,0.74195,548,0.83724,589,0.51115,938,0.59592,901,0.43956,975,0.56781,11,38,8,29,12,125,8,37,12,56,1,0,3,4,3,2,5,14
88,6898.55099,3.36844,556,0.31469,625,0.47987,716,0.56615,611,0.74289,585,0.83539,624,0.47787,983,0.55117,932,0.40655,1001,0.54453,12,26,12,44,12,134,10,79,12,54,2,2,4,5,3,2,4,15
89,6898.55099,3.78949,564,0.30932,638,0.47291,743,0.57275,623,0.73822,614,0.83559,660,0.47285,1023,0.51905,957,0.38016,1025,0.51703,15,51,10,36,13,159,9,36,13,74,2,2,5,6,3,3,3,3
90,6898.55099,4.21054,576,0.2918,647,0.46125,766,0.56204,673,0.73477,636,0.83577,693,0.44305,1053,0.50422,980,0.35864,1041,0.50067,24,82,7,17,13,155,8,21,14,105,3,3,6,7,3,3,3,14
91,6898.55099,4.63159,583,0.2791,674,0.45348,785,0.56495,695,0.73449,655,0.83328,713,0.42879,1078,0.48115,1009,0.3441,1052,0.48698,18,45,11,20,13,203,9,21,20,74,4,4,6,7,3,3,4,16
92,6898.55099,5.05264,590,0.27954,740,0.45348,790,0.56234,710,0.73167,674,0.83345,742,0.42012,1101,0.47295,1029,0.31939,1064,0.45838,21,66,13,40,13,184,7,12,21,94,4,4,7,8,3,4,4,15
93,6898.55099,5.47369,594,0.28597,754,0.44283,797,0.56186,730,0.73579,693,0.83482,757,0.40952,1123,0.46421,1044,0.28987,1074,0.4401,26,103,12,30,13,181,14,49,22,114,5,5,8,9,3,4,4,16
94,6898.55099,5.89474,604,0.28321,775,0.44086,812,0.56567,741,0.73681,707,0.83482,779,0.39209,1139,0.45438,1054,0.25643,1083,0.42188,24,107,12,37,14,217,16,69,22,134,5,5,8,9,3,3,4,16
95,6898.55099,6.3158,612,0.28085,786,0.43801,829,0.57245,759,0.73485,715,0.83602,786,0.3691,1153,0.43641,1074,0.25643,1088,0.39892,23,97,13,44,14,254,12,43,22,207,6,6,9,10,4,22,3,16
96,6898.55099,6.73685,625,0.28107,802,0.43572,840,0.57236,776,0.7342,723,0.83962,791,0.3399,1163,0.4234,1083,0.25284,1092,0.38285,24,110,14,54,14,257,13,38,23,262,6,6,9,10,3,4,2,1
97,6898.55099,7.1579,641,0.27825,811,0.43267,845,0.57722,786,0.73579,737,0.84201,804,0.3354,1169,0.39246,1096,0.24921,1095,0.37872,15,98,15,62,15,295,17,65,23,293,6,6,10,11,3,4,3,17
98,6898.55099,7.57895,650,0.26706,821,0.43471,855,0.5855,798,0.73775,753,0.84109,814,0.31225,1177,0.36172,1105,0.24177,1097,0.36892,14,52,17,83,15,327,18,142,23,288,7,7,10,11,3,4,3,2
99,6898.55099,8.0,671,0.26106,839,0.43241,860,0.59409,808,0.73746,760,0.83909,820,0.29789,1181,0.35562,1112,0.23812,1101,0.36176,12,43,15,90,15,350,18,135,23,248,7,7,10,11,3,4,3,2
100,8623.18092,3e-05,636,0.42996,925,0.66021,883,0.64415,940,0.7898,646,0.81997,357,0.5229,529,0.71933,618,0.6854,620,0.84258,31,271,27,375,15,360,20,361,20,54,3,3,9,37,14,44,9,20
101,8623.18092,0.42108,519,0.57219,583,0.53101,590,0.54429,619,0.74399,391,0.74841,281,0.66953,417,0.67639,395,0.69547,501,0.62368,10,35,16,66,5,14,11,107,3,2,4,10,7,11,10,14,6,14
102,8623.18092,0.84213,517,0.4546,575,0.54761,615,0.53003,597,0.73423,402,0.7911,324,0.61468,519,0.70628,493,0.51994,636,0.6303,4,3,14,74,5,7,6,10,5,18,5,9,8,20,7,14,10,26
103,8623.18092,1.26318,518,0.46858,569,0.53433,634,0.5409,598,0.73335,405,0.82456,402,0.60951,625,0.70545,627,0.53815,751,0.71249,6,14,12,47,9,36,5,8,9,35,11,33,8,24,17,31,15,49
104,8623.18092,1.68423,534,0.43888,576,0.51925,646,0.54875,589,0.73872,393,0.83893,450,0.57856,721,0.65988,722,0.51728,830,0.69022,12,37,13,48,10,66,6,22,10,35,9,19,3,2,14,28,14,50
105,8623.18092,2.10529,543,0.39346,574,0.50049,673,0.55614,589,0.74165,395,0.84749,490,0.55865,808,0.63645,795,0.49659,895,0.64071,11,35,12,37,11,94,7,31,10,68,9,19,3,3,9,27,13,47
106,8623.18092,2.52634,544,0.35489,589,0.48314,684,0.55846,580,0.74524,508,0.8434,546,0.54885,879,0.60664,857,0.4633,943,0.59998,11,21,6,15,11,104,10,39,11,102,7,17,3,4,3,16,7,22
107,8623.18092,2.94739,555,0.33863,602,0.48424,697,0.55743,595,0.74477,546,0.83785,589,0.51115,938,0.59592,901,0.44159,975,0.56781,10,35,9,36,11,106,10,82,12,57,1,0,3,4,4,3,5,14
108,8623.18092,3.36844,558,0.31081,622,0.47687,721,0.56302,611,0.74206,585,0.83539,624,0.47787,983,0.55117,932,0.40655,1000,0.54357,12,31,11,32,12,135,10,66,12,54,2,2,4,5,3,2,3,3
109,8623.18092,3.78949,566,0.30429,633,0.4707,747,0.56314,625,0.73784,614,0.83559,660,0.47285,1023,0.51905,957,0.38016,1025,0.51602,19,59,9,30,12,140,9,32,13,74,2,2,5,6,3,3,2,1
110,8623.18092,4.21054,575,0.28463,650,0.4617,764,0.56093,673,0.73784,636,0.83577,693,0.44305,1053,0.50422,980,0.35864,1041,0.50067,23,71,9,22,13,145,10,38,14,105,3,3,6,7,3,3,3,14
111,8623.18092,4.63159,572,0.27346,672,0.4521,779,0.56097,698,0.73383,655,0.83328,713,0.42879,1078,0.48115,1009,0.3441,1051,0.48484,3,2,9,18,13,166,9,18,20,74,4,4,6,7,3,3,2,1
112,8623.18092,5.05264,590,0.28575,738,0.45352,784,0.55697,716,0.73093,674,0.83345,742,0.42012,1101,0.47295,1029,0.31939,1064,0.45838,25,98,12,39,12,137,7,13,21,94,4,4,7,8,3,4,4,15
113,8623.18092,5.47369,590,0.28871,754,0.44608,794,0.56345,729,0.73514,693,0.83482,757,0.40952,1123,0.46421,1044,0.28987,1074,0.4389,26,105,13,37,13,196,12,44,22,114,5,5,8,9,3,4,3,15
114,8623.18092,5.89474,600,0.28343,776,0.43658,804,0.56801,740,0.7371,707,0.83482,779,0.39209,1139,0.45438,1054,0.25643,1083,0.41688,24,105,12,25,14,227,16,80,22,134,5,5,8,9,3,3,3,15
115,8623.18092,6.3158,600,0.27781,788,0.43428,821,0.57337,761,0.7342,715,0.83602,786,0.3691,1153,0.43641,1074,0.25643,1088,0.39628,12,57,13,38,14,254,12,37,22,207,6,6,9,10,4,22,2,1
116,8623.18092,6.73685,616,0.27825,803,0.43615,829,0.57496,776,0.7342,723,0.83962,791,0.3399,1163,0.4234,1083,0.25284,1092,0.38285,13,75,15,56,14,271,13,38,23,262,6,6,9,10,3,4,2,1
117,8623.18092,7.1579,628,0.27293,809,0.4314,842,0.57709,786,0.73579,737,0.84201,804,0.3354,1169,0.39246,1096,0.24921,1094,0.37872,14,49,14,59,15,290,17,65,23,293,6,6,10,11,3,4,2,1
118,8623.18092,7.57895,642,0.26727,821,0.43342,852,0.58669,797,0.73775,753,0.84109,814,0.31225,1177,0.36172,1105,0.24177,1097,0.36892,14,49,16,78,15,327,18,141,23,288,7,7,10,11,3,4,3,2
119,8623.18092,8.0,663,0.26428,841,0.43113,860,0.59424,807,0.7384,760,0.83909,820,0.29789,1181,0.35562,1112,0.23812,1101,0.36176,15,48,15,89,15,351,19,199,23,248,7,7,10,11,3,4,3,2
120,10347.81086,3e-05,633,0.43328,921,0.65742,883,0.64498,940,0.79347,641,0.81997,356,0.52348,527,0.73245,618,0.68447,617,0.84298,31,266,23,367,15,371,20,364,19,53,4,4,9,37,14,43,9,20
121,10347.81086,0.42108,516,0.58848,572,0.52397,583,0.54523,617,0.74331,389,0.74713,286,0.67228,413,0.68003,389,0.68912,497,0.61777,10,31,13,46,5,9,10,90,2,1,5,18,7,12,9,13,5,13
122,10347.81086,0.84213,511,0.46037,575,0.55263,604,0.52459,591,0.73375,402,0.7934,327,0.61756,519,0.70628,486,0.51348,635,0.62948,1,0,15,78,3,3,5,8,6,21,6,11,8,20,6,13,9,21
123,10347.81086,1.26318,520,0.46519,564,0.53424,630,0.53695,595,0.73719,402,0.8269,401,0.60767,625,0.70545,624,0.53655,750,0.71,7,18,11,40,7,18,6,17,9,35,11,31,8,24,16,30,13,39
124,10347.81086,1.68423,531,0.42609,570,0.51233,641,0.55209,589,0.74194,387,0.83923,446,0.57925,721,0.65988,721,0.51352,830,0.68883,11,35,12,35,10,71,7,33,9,24,9,19,3,2,13,27,13,43
125,10347.81086,2.10529,536,0.38467,572,0.49857,668,0.55398,584,0.73981,392,0.84351,490,0.55865,808,0.63645,791,0.49801,895,0.63993,10,25,11,32,11,89,6,19,10,62,9,19,3,3,8,33,13,46
126,10347.81086,2.52634,541,0.3528,581,0.48342,685,0.55428,580,0.74656,504,0.84239,546,0.54885,879,0.60664,856,0.4633,943,0.59998,10,15,7,16,11,97,10,46,10,83,7,17,3,4,1,0,7,22
127,10347.81086,2.94739,546,0.33666,605,0.48199,697,0.55378,589,0.74431,546,0.83785,589,0.51115,938,0.59592,901,0.44159,975,0.5669,7,15,8,28,11,97,10,60,12,57,1,0,3,4,4,3,4,12
128,10347.81086,3.36844,555,0.30657,615,0.47655,722,0.5635,613,0.73943,585,0.83539,624,0.47787,983,0.55117,932,0.40655,1000,0.54071,9,18,10,29,12,136,8,43,12,54,2,2,4,5,3,2,2,2
129,10347.81086,3.78949,566,0.29941,634,0.46756,744,0.56547,623,0.7381,614,0.83559,660,0.47285,1023,0.51905,957,0.38016,1025,0.51602,18,57,9,21,13,148,9,33,13,74,2,2,5,6,3,3,2,1
130,10347.81086,4.21054,569,0.2791,650,0.45989,761,0.55983,679,0.73877,636,0.83577,693,0.44305,1053,0.50422,980,0.35864,1041,0.49963,17,35,8,16,12,134,11,56,14,105,3,3,6,7,3,3,2,13
131,10347.81086,4.63159,572,0.28232,671,0.45121,776,0.55649,707,0.73439,655,0.83328,713,0.42879,1078,0.48115,1009,0.3441,1052,0.48269,20,57,8,16,12,128,10,22,20,74,4,4,6,7,3,3,3,14
132,10347.81086,5.05264,580,0.28597,738,0.45397,782,0.56021,714,0.73121,674,0.83345,742,0.42012,1101,0.47295,1029,0.31939,1064,0.45799,24,82,13,41,13,164,7,12,21,94,4,4,7,8,3,4,3,14
133,10347.81086,5.47369,585,0.28642,751,0.44564,790,0.56662,730,0.73514,693,0.83482,757,0.40952,1123,0.46421,1044,0.28987,1074,0.43771,25,87,12,33,13,215,13,45,22,114,5,5,8,9,3,4,2,1
134,10347.81086,5.89474,590,0.28085,775,0.43428,803,0.56897,744,0.73681,707,0.83482,779,0.39209,1139,0.45438,1054,0.25643,1083,0.41563,22,68,11,21,14,232,16,70,22,134,5,5,8,9,3,3,2,1
135,10347.81086,6.3158,597,0.28151,788,0.43097,816,0.57353,764,0.73485,715,0.83602,786,0.3691,1153,0.43641,1074,0.25643,1088,0.39628,23,81,12,33,14,254,13,45,22,207,6,6,9,10,4,22,2,1
136,10347.81086,6.73685,609,0.27293,801,0.43385,829,0.57469,774,0.73579,723,0.83962,791,0.3399,1163,0.4234,1083,0.25284,1092,0.38285,12,33,13,49,14,267,17,62,23,262,6,6,9,10,3,4,2,1
137,10347.81086,7.1579,625,0.26706,812,0.42765,842,0.57742,783,0.73673,737,0.84201,804,0.3354,1169,0.39246,1096,0.24921,1094,0.37872,13,34,13,51,15,292,18,92,23,293,6,6,10,11,3,4,2,1
138,10347.81086,7.57895,640,0.26428,824,0.43012,855,0.58569,795,0.73869,753,0.84109,814,0.31225,1177,0.36172,1105,0.24177,1097,0.36892,13,41,14,69,15,328,19,184,23,288,7,7,10,11,3,4,3,2
139,10347.81086,8.0,659,0.26428,840,0.42473,861,0.59424,807,0.7384,760,0.83909,820,0.29789,1181,0.35562,1112,0.23812,1101,0.36176,14,47,11,67,15,352,19,199,23,248,7,7,10,11,3,4,3,2
140,12072.44079,3e-05,632,0.45112,918,0.65556,882,0.64498,934,0.79735,641,0.81887,352,0.52631,524,0.73607,615,0.68716,616,0.8441,32,270,22,362,15,368,20,366,12,43,4,9,9,37,14,43,9,21
141,12072.44079,0.42108,519,0.5941,578,0.5242,587,0.5466,609,0.73947,388,0.74471,286,0.66681,408,0.67277,383,0.68076,497,0.61456,15,48,15,56,6,15,9,44,1,0,5,16,2,1,8,12,5,12
142,12072.44079,0.84213,505,0.46141,576,0.55263,608,0.51862,585,0.72881,397,0.79899,325,0.62121,519,0.70628,480,0.49301,638,0.63152,2,1,16,82,1,0,4,5,6,18,7,14,8,20,4,7,11,28
143,12072.44079,1.26318,519,0.46846,566,0.52845,624,0.5375,598,0.73561,397,0.82917,399,0.60804,625,0.70545,622,0.53533,749,0.71,6,15,11,37,7,20,7,13,10,33,11,31,8,24,15,28,12,37
144,12072.44079,1.68423,529,0.42208,570,0.50381,637,0.55361,585,0.74534,384,0.8405,446,0.57925,721,0.65988,721,0.51182,830,0.68604,10,31,11,31,10,68,10,57,9,23,9,19,3,2,12,24,13,38
145,12072.44079,2.10529,531,0.38006,565,0.49233,663,0.55057,578,0.74206,390,0.84114,490,0.55865,808,0.63645,786,0.49411,894,0.63914,9,21,9,21,10,73,6,17,10,50,9,19,3,3,6,13,13,45
146,12072.44079,2.52634,539,0.3528,577,0.48648,680,0.54452,580,0.74759,498,0.84302,546,0.54885,879,0.60664,856,0.4633,943,0.59842,9,13,7,22,10,59,11,49,10,87,7,17,3,4,1,0,6,21
147,12072.44079,2.94739,547,0.3383,602,0.48164,702,0.55163,593,0.74233,546,0.83785,589,0.51115,938,0.59592,901,0.44159,975,0.5669,8,19,7,27,11,89,8,45,12,57,1,0,3,4,4,3,4,12
148,12072.44079,3.36844,556,0.30681,613,0.47701,724,0.56058,607,0.73969,585,0.83539,624,0.47787,983,0.55117,932,0.40655,1001,0.54071,11,24,8,25,12,129,9,43,12,54,2,2,4,5,3,2,3,13
149,12072.44079,3.78949,562,0.29467,635,0.46576,738,0.56473,626,0.74022,614,0.83559,660,0.47285,1023,0.51905,957,0.38016,1025,0.51501,12,36,9,13,13,143,10,59,13,74,2,2,5,6,3,3,1,0
150,12072.44079,4.21054,568,0.28188,649,0.45853,757,0.56014,686,0.73678,636,0.83577,693,0.44305,1053,0.50422,980,0.35864,1040,0.49963,17,44,7,14,12,135,9,29,14,105,3,3,6,7,3,3,1,0
151,12072.44079,4.63159,566,0.27976,672,0.45304,776,0.56274,707,0.73625,655,0.83328,713,0.42879,1078,0.48115,1009,0.3441,1052,0.48053,16,34,10,19,13,176,12,32,20,74,4,4,6,7,3,3,2,1
152,12072.44079,5.05264,572,0.28343,734,0.45534,775,0.56166,716,0.73027,674,0.83345,742,0.42012,1101,0.47295,1029,0.31939,1064,0.4557,21,59,12,40,13,168,6,10,21,94,4,4,7,8,3,4,2,1
153,12072.44079,5.47369,579,0.28387,750,0.44336,790,0.56821,734,0.73514,693,0.83482,757,0.40952,1123,0.46421,1044,0.28987,1074,0.43771,23,72,11,30,13,221,14,46,22,114,5,5,8,9,3,4,2,1
154,12072.44079,5.89474,583,0.27868,775,0.43385,796,0.57056,745,0.7371,707,0.83482,779,0.39209,1139,0.45438,1054,0.25643,1083,0.41563,16,40,10,20,14,235,16,84,22,134,5,5,8,9,3,3,2,1
155,12072.44079,6.3158,593,0.27911,787,0.4291,815,0.57413,762,0.73579,715,0.83602,786,0.3691,1153,0.43641,1074,0.25643,1088,0.39628,19,60,11,26,14,255,16,56,22,207,6,6,9,10,4,22,2,1
156,12072.44079,6.73685,605,0.27336,802,0.43055,830,0.57427,774,0.73514,723,0.83962,791,0.3399,1163,0.4234,1083,0.25284,1092,0.38285,12,34,13,44,14,264,15,51,23,262,6,6,9,10,3,4,2,1
157,12072.44079,7.1579,624,0.26748,810,0.42515,842,0.58133,784,0.73673,737,0.84201,804,0.3354,1169,0.39246,1096,0.24921,1094,0.37872,13,33,10,41,15,307,18,95,23,293,6,6,10,11,3,4,2,1
158,12072.44079,7.57895,636,0.26449,821,0.42326,856,0.58649,795,0.73869,753,0.84109,814,0.31225,1177,0.36172,1105,0.24177,1097,0.36892,12,38,10,51,15,329,19,184,23,288,7,7,10,11,3,4,3,2
159,12072.44079,8.0,654,0.26147,836,0.42156,862,0.59364,806,0.73775,760,0.83909,820,0.29789,1181,0.35562,1112,0.23812,1101,0.36176,12,43,8,58,15,350,19,144,23,248,7,7,10,11,3,4,3,2
160,13797.07072,3e-05,632,0.45425,916,0.65928,884,0.64422,933,0.79515,637,0.8194,352,0.52319,523,0.74346,616,0.69305,615,0.84258,36,278,26,372,15,364,20,364,18,51,3,3,9,37,15,45,8,19
161,13797.07072,0.42108,518,0.59333,576,0.52232,580,0.55853,598,0.73947,383,0.74864,285,0.66078,407,0.67585,382,0.67409,494,0.61241,14,44,14,50,8,10,8,36,1,0,5,15,7,7,7,10,4,11
162,13797.07072,0.84213,504,0.47195,568,0.55146,596,0.52036,581,0.72675,396,0.79948,323,0.61988,519,0.70628,480,0.48825,638,0.63064,5,6,14,60,1,0,3,4,5,17,6,11,8,20,1,0,10,27
163,13797.07072,1.26318,515,0.47136,562,0.5237,623,0.53417,592,0.73695,392,0.82726,390,0.60545,625,0.70545,621,0.53533,750,0.71095,7,11,10,29,6,10,6,14,9,25,9,19,8,24,14,27,14,42
164,13797.07072,1.68423,530,0.41585,562,0.49886,634,0.551,578,0.74756,381,0.84016,446,0.57925,721,0.65988,720,0.51182,830,0.68586,9,30,9,20,10,59,10,41,8,16,9,19,3,2,11,23,12,37
165,13797.07072,2.10529,526,0.37085,564,0.48904,662,0.55227,568,0.74472,388,0.84014,490,0.55865,808,0.63645,787,0.49376,893,0.63914,7,16,8,16,10,79,7,11,10,29,9,19,3,3,7,24,13,43
166,13797.07072,2.52634,535,0.35397,579,0.48634,679,0.54569,582,0.74721,498,0.84302,546,0.54885,879,0.60664,856,0.4633,943,0.5967,9,10,7,22,10,64,10,53,10,87,7,17,3,4,1,0,6,19
167,13797.07072,2.94739,548,0.33712,596,0.47781,700,0.55362,595,0.74035,546,0.83785,589,0.51115,938,0.59592,901,0.44159,974,0.56507,8,19,6,21,11,97,7,34,12,57,1,0,3,4,4,3,3,3
168,13797.07072,3.36844,554,0.30754,614,0.47388,721,0.55959,605,0.73969,585,0.83539,624,0.47787,983,0.55117,932,0.40655,1000,0.53975,8,16,9,20,12,125,8,42,12,54,2,2,4,5,3,2,1,0
169,13797.07072,3.78949,560,0.28959,633,0.4626,739,0.56516,634,0.74022,614,0.83559,660,0.47285,1023,0.51905,957,0.38016,1026,0.514,11,27,8,9,13,147,10,61,13,74,2,2,5,6,3,3,1,0
170,13797.07072,4.21054,563,0.28485,648,0.46125,757,0.56263,688,0.73704,636,0.83577,693,0.44305,1053,0.50422,980,0.35864,1040,0.49963,14,34,8,19,13,147,10,34,14,105,3,3,6,7,3,3,1,0
171,13797.07072,4.63159,564,0.27738,669,0.45165,774,0.56351,708,0.73559,655,0.83328,713,0.42879,1078,0.48115,1009,0.3441,1052,0.48053,11,16,8,15,13,179,12,27,20,74,4,4,6,7,3,3,2,1
172,13797.07072,5.05264,568,0.27825,730,0.44571,774,0.55939,718,0.73027,674,0.83345,742,0.42012,1101,0.47295,1029,0.31939,1064,0.4557,12,24,11,24,13,150,7,11,21,94,4,4,7,8,3,4,2,1
173,13797.07072,5.47369,574,0.28431,749,0.43728,785,0.56586,737,0.73542,693,0.83482,757,0.40952,1123,0.46421,1044,0.28987,1074,0.43771,22,62,9,15,13,208,15,47,22,114,5,5,8,9,3,4,2,1
174,13797.07072,5.89474,579,0.27933,775,0.43241,795,0.56891,745,0.73645,707,0.83482,779,0.39209,1139,0.45438,1054,0.25643,1083,0.41563,20,51,9,18,14,229,16,61,22,134,5,5,8,9,3,3,2,1
175,13797.07072,6.3158,593,0.27336,788,0.42577,814,0.5731,760,0.73579,715,0.83602,786,0.3691,1153,0.43641,1074,0.25643,1088,0.39628,6,15,11,23,14,252,16,54,22,207,6,6,9,10,4,22,2,1
176,13797.07072,6.73685,601,0.27336,800,0.42577,826,0.57512,773,0.73579,723,0.83962,791,0.3399,1163,0.4234,1083,0.25284,1092,0.38285,11,30,12,34,14,267,17,59,23,262,6,6,9,10,3,4,2,1
177,13797.07072,7.1579,621,0.26789,808,0.42473,841,0.58016,784,0.73608,737,0.84201,804,0.3354,1169,0.39246,1096,0.24921,1094,0.37872,13,38,9,40,15,301,17,72,23,293,6,6,10,11,3,4,2,1
178,13797.07072,7.57895,637,0.26187,819,0.4222,853,0.58697,795,0.73804,753,0.84109,814,0.31225,1177,0.36172,1105,0.24177,1097,0.36892,12,39,9,48,15,330,19,159,23,288,7,7,10,11,3,4,3,2
179,13797.07072,8.0,651,0.25861,833,0.41517,858,0.59358,807,0.73775,760,0.83909,820,0.29789,1181,0.35562,1112,0.23812,1101,0.36176,10,23,6,35,15,347,19,145,23,248,7,7,10,11,3,4,3,2
180,15521.70066,3e-05,630,0.45562,913,0.65835,880,0.64422,928,0.79136,633,0.8194,353,0.52602,522,0.74587,613,0.69373,613,0.8437,36,278,25,371,15,360,20,361,16,48,4,9,9,37,13,43,8,19
181,15521.70066,0.42108,520,0.59376,573,0.52335,581,0.55681,594,0.73947,382,0.75015,287,0.65616,404,0.67517,380,0.66269,494,0.60411,15,54,13,46,7,11,7,30,1,0,5,15,6,6,5,4,4,10
182,15521.70066,0.84213,503,0.48563,567,0.55146,597,0.52153,573,0.72153,393,0.80225,321,0.62065,519,0.70628,478,0.48923,640,0.63225,5,6,13,58,2,1,1,0,5,16,6,10,8,20,1,0,11,29
183,15521.70066,1.26318,515,0.47828,564,0.5207,618,0.53543,587,0.73854,391,0.82761,391,0.60545,625,0.70545,615,0.53209,750,0.71048,8,14,10,31,6,15,6,20,9,25,10,20,8,24,13,26,13,40
184,15521.70066,1.68423,525,0.41251,565,0.49308,633,0.55491,577,0.7464,380,0.84276,446,0.57925,721,0.65988,717,0.51219,832,0.68656,8,21,10,22,10,60,10,37,9,21,9,19,3,2,11,23,13,39
185,15521.70066,2.10529,526,0.37212,566,0.48362,659,0.55103,572,0.74326,389,0.83914,490,0.55865,808,0.63645,787,0.49163,894,0.63756,8,18,5,9,10,73,8,18,9,29,9,19,3,3,6,11,13,43
186,15521.70066,2.52634,536,0.35214,580,0.49195,678,0.54397,580,0.74485,498,0.84302,546,0.54885,879,0.60664,856,0.4633,942,0.59585,8,8,9,34,10,56,9,36,10,87,7,17,3,4,1,0,5,16
187,15521.70066,2.94739,545,0.33564,594,0.47383,701,0.55466,594,0.73943,546,0.83785,589,0.51115,938,0.59592,901,0.44159,974,0.56415,6,10,5,7,11,103,7,29,12,57,1,0,3,4,4,3,2,2
188,15521.70066,3.36844,556,0.30501,614,0.46982,720,0.56131,604,0.74154,585,0.83539,624,0.47787,983,0.55117,932,0.40655,1000,0.53975,10,22,8,13,12,128,9,53,12,54,2,2,4,5,3,2,1,0
189,15521.70066,3.78949,560,0.28712,632,0.4626,735,0.56627,663,0.74022,614,0.83559,660,0.47285,1023,0.51905,957,0.38016,1026,0.514,10,24,7,8,13,148,11,68,13,74,2,2,5,6,3,3,1,0
190,15521.70066,4.21054,563,0.2821,648,0.46034,757,0.56332,693,0.73638,636,0.83577,693,0.44305,1053,0.50422,980,0.35864,1040,0.49963,13,27,7,16,13,152,9,28,14,105,3,3,6,7,3,3,1,0
191,15521.70066,4.63159,563,0.27738,669,0.44938,770,0.56044,707,0.73493,655,0.83328,713,0.42879,1078,0.48115,1009,0.3441,1052,0.48053,10,15,7,10,13,152,11,26,20,74,4,4,6,7,3,3,2,1
192,15521.70066,5.05264,568,0.27868,696,0.44438,770,0.55792,718,0.7328,674,0.83345,742,0.42012,1101,0.47295,1029,0.31939,1064,0.4557,15,31,10,18,12,133,10,22,21,94,4,4,7,8,3,4,2,1
193,15521.70066,5.47369,572,0.28173,750,0.43684,782,0.56509,736,0.7357,693,0.83482,757,0.40952,1123,0.46421,1044,0.28987,1074,0.43771,19,49,9,14,13,202,15,50,22,114,5,5,8,9,3,4,2,1
194,15521.70066,5.89474,577,0.28195,774,0.43055,793,0.56884,742,0.73832,707,0.83482,779,0.39209,1139,0.45438,1054,0.25643,1083,0.41563,21,60,8,15,14,225,16,109,22,134,5,5,8,9,3,3,2,1
195,15521.70066,6.3158,587,0.27336,786,0.42577,814,0.57205,760,0.73608,715,0.83602,786,0.3691,1153,0.43641,1074,0.25643,1088,0.39628,5,12,10,22,14,249,16,61,22,207,6,6,9,10,4,22,2,1
196,15521.70066,6.73685,602,0.26768,799,0.42722,829,0.57489,773,0.73579,723,0.83962,791,0.3399,1163,0.4234,1083,0.25284,1092,0.38285,11,23,12,35,14,270,17,59,23,262,6,6,9,10,3,4,2,1
197,15521.70066,7.1579,620,0.2649,807,0.4222,842,0.57929,784,0.73608,737,0.84201,804,0.3354,1169,0.39246,1096,0.24921,1094,0.37872,12,30,8,37,15,299,17,72,23,293,6,6,10,11,3,4,2,1
198,15521.70066,7.57895,636,0.25861,820,0.41858,851,0.58813,796,0.73804,753,0.84109,814,0.31225,1177,0.36172,1105,0.24177,1097,0.36892,9,17,7,37,15,326,19,160,23,288,7,7,10,11,3,4,3,2
199,15521.70066,8.0,647,0.25551,831,0.41072,855,0.59252,807,0.73775,760,0.83909,820,0.29789,1181,0.35562,1112,0.23812,1101,0.36176,5,11,2,1,15,343,19,145,23,248,7,7,10,11,3,4,3,2
200,17246.33059,3e-05,629,0.45042,913,0.65769,882,0.64422,927,0.79382,634,0.8194,350,0.52034,522,0.75023,613,0.69373,614,0.84426,31,266,24,369,15,361,20,362,17,50,1,0,9,42,13,43,9,20
201,17246.33059,0.42108,518,0.59193,568,0.52678,576,0.55788,589,0.74082,381,0.75083,282,0.64386,403,0.67382,380,0.66223,493,0.60192,13,43,11,37,7,9,7,26,1,0,4,7,4,3,4,3,3,9
202,17246.33059,0.84213,501,0.49226,560,0.55598,587,0.52418,571,0.72557,391,0.80639,321,0.61854,519,0.70628,481,0.49094,635,0.63436,3,4,10,42,1,0,2,1,8,21,5,9,8,20,4,7,9,26
203,17246.33059,1.26318,514,0.47195,558,0.51633,611,0.53716,587,0.7415,390,0.83183,391,0.60545,625,0.70545,608,0.52884,750,0.71048,7,12,9,22,5,15,7,25,8,23,10,20,8,24,11,20,13,40
204,17246.33059,1.68423,525,0.41677,558,0.49135,629,0.55158,574,0.74615,381,0.8427,446,0.57925,721,0.65988,714,0.50803,831,0.68866,9,24,8,12,9,56,10,35,9,23,9,19,3,2,10,22,13,44
205,17246.33059,2.10529,523,0.36813,566,0.47961,663,0.54941,569,0.74353,389,0.83914,490,0.55865,808,0.63645,787,0.49163,893,0.63756,5,9,3,4,10,71,6,13,9,29,9,19,3,3,6,11,12,42
206,17246.33059,2.52634,533,0.35272,575,0.49254,676,0.54181,579,0.74353,498,0.84302,546,0.54885,879,0.60664,856,0.4633,942,0.59585,8,8,10,32,10,49,9,26,10,87,7,17,3,4,1,0,5,16
207,17246.33059,2.94739,544,0.33127,595,0.47074,701,0.55894,591,0.73877,546,0.83785,589,0.51115,938,0.59592,901,0.44159,974,0.56232,4,6,5,8,12,118,6,24,12,57,1,0,3,4,4,3,1,0
208,17246.33059,3.36844,555,0.30294,613,0.46713,716,0.5629,611,0.74247,585,0.83539,624,0.47787,983,0.55117,932,0.40655,1001,0.53975,8,17,5,6,12,132,10,72,12,54,2,2,4,5,3,2,2,2
209,17246.33059,3.78949,557,0.28463,632,0.46034,735,0.56476,664,0.73955,614,0.83559,660,0.47285,1023,0.51905,957,0.38016,1026,0.514,9,18,5,5,13,144,10,61,13,74,2,2,5,6,3,3,1,0
210,17246.33059,4.21054,565,0.27629,644,0.45853,756,0.56421,696,0.73663,636,0.83577,693,0.44305,1053,0.50422,980,0.35864,1040,0.49963,9,15,4,6,13,153,10,32,14,105,3,3,6,7,3,3,1,0
211,17246.33059,4.63159,566,0.27475,670,0.44893,769,0.55885,709,0.73771,655,0.83328,713,0.42879,1078,0.48115,1009,0.3441,1052,0.48053,5,7,7,9,12,139,14,56,20,74,4,4,6,7,3,3,2,1
212,17246.33059,5.05264,566,0.27582,694,0.44344,768,0.56115,720,0.73373,674,0.83345,742,0.42012,1101,0.47295,1029,0.31939,1064,0.4557,9,15,9,17,13,152,11,32,21,94,4,4,7,8,3,4,2,1
213,17246.33059,5.47369,571,0.28195,750,0.43728,782,0.56427,733,0.73663,693,0.83482,757,0.40952,1123,0.46421,1044,0.28987,1074,0.43771,19,49,10,17,13,197,15,63,22,114,5,5,8,9,3,4,2,1
214,17246.33059,5.89474,576,0.28195,776,0.42952,795,0.56945,742,0.73991,707,0.83482,779,0.39209,1139,0.45438,1054,0.25643,1083,0.41563,20,59,9,14,14,232,17,155,22,134,5,5,8,9,3,3,2,1
215,17246.33059,6.3158,587,0.27357,786,0.42534,813,0.57035,762,0.73701,715,0.83602,786,0.3691,1153,0.43641,1074,0.25643,1088,0.39628,6,17,9,21,14,242,18,95,22,207,6,6,9,10,4,22,2,1
216,17246.33059,6.73685,600,0.26768,795,0.42557,829,0.57464,773,0.73701,723,0.83962,791,0.3399,1163,0.4234,1083,0.25284,1092,0.38285,10,21,10,29,14,266,18,102,23,262,6,6,9,10,3,4,2,1
217,17246.33059,7.1579,617,0.2651,805,0.41858,839,0.57841,784,0.73795,737,0.84201,804,0.3354,1169,0.39246,1096,0.24921,1094,0.37872,12,30,6,26,14,290,18,145,23,293,6,6,10,11,3,4,2,1
218,17246.33059,7.57895,633,0.25861,815,0.41721,850,0.59064,796,0.73804,753,0.84109,814,0.31225,1177,0.36172,1105,0.24177,1097,0.36892,8,14,5,23,15,329,19,160,23,288,7,7,10,11,3,4,3,2
219,17246.33059,8.0,646,0.25237,831,0.41072,853,0.59299,807,0.73775,760,0.83909,820,0.29789,1181,0.35562,1112,0.23812,1101,0.36176,3,2,2,1,15,342,19,145,23,248,7,7,10,11,3,4,3,2
220,18970.96053,3e-05,629,0.45735,912,0.65424,884,0.64422,922,0.79302,633,0.8194,352,0.52034,521,0.7507,610,0.69611,612,0.84537,36,279,21,361,15,364,20,361,16,48,2,1,9,41,13,44,8,19
221,18970.96053,0.42108,518,0.59093,555,0.53221,574,0.55178,586,0.73992,379,0.75831,282,0.64427,402,0.67178,381,0.65573,487,0.59529,12,42,7,19,6,8,6,22,2,1,5,8,1,0,6,5,1,0
222,18970.96053,0.84213,498,0.49458,550,0.54912,584,0.52557,569,0.72379,389,0.8057,320,0.6139,519,0.70628,485,0.49094,633,0.62802,3,4,5,12,1,0,1,0,7,16,4,8,8,20,5,10,6,15
223,18970.96053,1.26318,512,0.46879,553,0.51462,608,0.54056,585,0.74308,390,0.83444,391,0.60545,625,0.70545,606,0.52961,750,0.70962,6,9,6,8,5,18,7,33,9,24,10,20,8,24,12,21,12,37
224,18970.96053,1.68423,523,0.41585,555,0.48765,626,0.54846,570,0.74523,379,0.84171,446,0.57925,721,0.65988,711,0.50595,830,0.68866,8,19,6,6,9,51,8,19,8,18,9,19,3,2,9,21,13,42
225,18970.96053,2.10529,520,0.37104,561,0.4809,663,0.54488,568,0.74392,389,0.83914,490,0.55865,808,0.63645,787,0.49163,893,0.6344,2,2,3,6,10,55,6,10,9,29,9,19,3,3,6,11,12,40
226,18970.96053,2.52634,531,0.3533,577,0.48715,674,0.5402,583,0.74353,498,0.84302,546,0.54885,879,0.60664,856,0.4633,942,0.59585,8,8,8,24,10,41,8,32,10,87,7,17,3,4,1,0,5,16
227,18970.96053,2.94739,547,0.32919,593,0.47254,701,0.55664,593,0.73877,546,0.83785,589,0.51115,938,0.59592,901,0.44159,974,0.56232,6,13,4,5,12,109,7,27,12,57,1,0,3,4,4,3,1,0
228,18970.96053,3.36844,557,0.2956,614,0.46713,717,0.56399,610,0.74339,585,0.83539,624,0.47787,983,0.55117,932,0.40655,1001,0.53975,11,24,6,7,12,133,10,84,12,54,2,2,4,5,3,2,2,2
229,18970.96053,3.78949,556,0.28735,632,0.46216,736,0.5671,669,0.74098,614,0.83559,660,0.47285,1023,0.51905,957,0.38016,1026,0.514,9,20,6,7,13,152,11,75,13,74,2,2,5,6,3,3,1,0
230,18970.96053,4.21054,560,0.27389,645,0.45853,754,0.56192,696,0.73755,636,0.83577,693,0.44305,1053,0.50422,980,0.35864,1040,0.49963,3,2,6,12,13,141,11,45,14,105,3,3,6,7,3,3,1,0
231,18970.96053,4.63159,562,0.27518,669,0.4471,764,0.55971,708,0.73771,655,0.83328,713,0.42879,1078,0.48115,1009,0.3441,1052,0.48053,5,8,6,8,12,137,13,55,20,74,4,4,6,7,3,3,2,1
232,18970.96053,5.05264,566,0.2789,693,0.43967,767,0.56115,721,0.73307,674,0.83345,742,0.42012,1101,0.47295,1029,0.31939,1064,0.4557,15,29,8,10,13,151,11,25,21,94,4,4,7,8,3,4,2,1
233,18970.96053,5.47369,571,0.27911,745,0.43585,781,0.5665,730,0.73663,693,0.83482,757,0.40952,1123,0.46421,1044,0.28987,1074,0.43771,18,37,8,12,13,206,15,62,22,114,5,5,8,9,3,4,2,1
234,18970.96053,5.89474,577,0.28216,778,0.42867,793,0.56918,741,0.73991,707,0.83482,779,0.39209,1139,0.45438,1054,0.25643,1083,0.41563,22,66,9,18,14,226,16,151,22,134,5,5,8,9,3,3,2,1
235,18970.96053,6.3158,586,0.27357,784,0.42242,814,0.57257,763,0.73636,715,0.83602,786,0.3691,1153,0.43641,1074,0.25643,1088,0.39628,5,14,8,18,14,250,18,74,22,207,6,6,9,10,4,22,2,1
236,18970.96053,6.73685,601,0.2649,796,0.42007,828,0.57697,774,0.73701,723,0.83962,791,0.3399,1163,0.4234,1083,0.25284,1092,0.38285,10,18,7,21,14,273,18,105,23,262,6,6,9,10,3,4,2,1
237,18970.96053,7.1579,614,0.25901,805,0.41831,838,0.5804,784,0.73795,737,0.84201,804,0.3354,1169,0.39246,1096,0.24921,1094,0.37872,11,24,5,23,15,298,18,145,23,293,6,6,10,11,3,4,2,1
238,18970.96053,7.57895,631,0.25881,816,0.41458,849,0.5895,796,0.73804,753,0.84109,814,0.31225,1177,0.36172,1105,0.24177,1097,0.36892,10,26,5,15,15,323,19,160,23,288,7,7,10,11,3,4,3,2
239,18970.96053,8.0,643,0.25237,831,0.41072,851,0.5922,807,0.73775,760,0.83909,820,0.29789,1181,0.35562,1112,0.23812,1101,0.36176,2,1,2,1,15,332,19,145,23,248,7,7,10,11,3,4,3,2
240,20695.59046,3e-05,629,0.45389,910,0.6561,879,0.64422,920,0.79539,632,0.8194,348,0.5229,521,0.7507,612,0.69953,609,0.84704,35,273,21,361,15,359,20,361,15,47,1,0,9,41,13,46,8,19
241,20695.59046,0.42108,515,0.58931,553,0.53404,570,0.54843,585,0.73856,379,0.75726,285,0.64427,402,0.67314,380,0.65648,488,0.59459,11,32,7,13,5,7,6,20,1,0,5,9,2,1,3,2,2,1
242,20695.59046,0.84213,502,0.49556,548,0.54222,584,0.53249,567,0.72626,384,0.80799,314,0.61215,519,0.70628,484,0.48813,633,0.62842,5,8,4,8,2,1,1,0,6,13,3,6,8,20,1,0,7,16
243,20695.59046,1.26318,509,0.46604,553,0.51222,610,0.54169,584,0.74376,387,0.83573,391,0.60545,625,0.70545,604,0.53085,752,0.70962,5,7,5,7,6,20,9,37,8,19,10,20,8,24,12,21,14,45
244,20695.59046,1.68423,520,0.41301,555,0.48567,626,0.54821,568,0.74348,376,0.84198,446,0.57925,721,0.65988,710,0.50277,830,0.68935,6,7,5,5,9,49,5,9,4,9,9,19,3,2,8,20,13,47
245,20695.59046,2.10529,521,0.36737,560,0.48667,656,0.54552,570,0.74365,389,0.83914,490,0.55865,808,0.63645,787,0.49163,893,0.63547,2,3,6,9,10,57,7,14,9,29,9,19,3,3,6,11,12,41
246,20695.59046,2.52634,528,0.35174,574,0.48342,672,0.53834,584,0.74419,498,0.84302,546,0.54885,879,0.60664,856,0.4633,941,0.59499,7,7,6,15,9,32,9,41,10,87,7,17,3,4,1,0,3,6
247,20695.59046,2.94739,546,0.32945,593,0.46985,701,0.55699,591,0.74154,546,0.83785,589,0.51115,938,0.59592,901,0.44159,975,0.56232,6,11,3,3,12,111,7,32,12,57,1,0,3,4,4,3,2,2
248,20695.59046,3.36844,557,0.29295,615,0.46848,716,0.56665,613,0.74339,585,0.83539,624,0.47787,983,0.55117,932,0.40655,1001,0.53975,10,23,8,12,12,136,11,91,12,54,2,2,4,5,3,2,2,2
249,20695.59046,3.78949,556,0.28463,629,0.46125,733,0.56777,669,0.74031,614,0.83559,660,0.47285,1023,0.51905,957,0.38016,1026,0.514,8,16,5,5,13,148,11,70,13,74,2,2,5,6,3,3,1,0
250,20695.59046,4.21054,560,0.27411,645,0.45808,755,0.56039,694,0.73755,636,0.83577,693,0.44305,1053,0.50422,980,0.35864,1040,0.49963,4,3,5,9,12,136,10,40,14,105,3,3,6,7,3,3,1,0
251,20695.59046,4.63159,562,0.27539,668,0.44299,765,0.55731,708,0.73837,655,0.83328,713,0.42879,1078,0.48115,1009,0.3441,1052,0.48053,6,10,5,5,12,124,13,70,20,74,4,4,6,7,3,3,2,1
252,20695.59046,5.05264,568,0.2789,692,0.43923,769,0.55628,717,0.73307,674,0.83345,742,0.42012,1101,0.47295,1029,0.31939,1064,0.4557,16,34,7,9,12,120,10,22,21,94,4,4,7,8,3,4,2,1
253,20695.59046,5.47369,570,0.27933,743,0.433,781,0.56242,729,0.73663,693,0.83482,757,0.40952,1123,0.46421,1044,0.28987,1074,0.43771,18,39,7,9,13,182,14,58,22,114,5,5,8,9,3,4,2,1
254,20695.59046,5.89474,578,0.27933,775,0.42765,795,0.56813,741,0.73991,707,0.83482,779,0.39209,1139,0.45438,1054,0.25643,1083,0.41563,19,50,8,13,14,225,16,151,22,134,5,5,8,9,3,3,2,1
255,20695.59046,6.3158,588,0.27357,784,0.4222,815,0.57245,762,0.73636,715,0.83602,786,0.3691,1153,0.43641,1074,0.25643,1088,0.39628,7,19,7,17,14,250,17,66,22,207,6,6,9,10,4,22,2,1
256,20695.59046,6.73685,600,0.2649,796,0.41899,829,0.57728,774,0.73701,723,0.83962,791,0.3399,1163,0.4234,1083,0.25284,1092,0.38285,9,17,6,18,14,279,18,105,23,262,6,6,9,10,3,4,2,1
257,20695.59046,7.1579,608,0.25901,805,0.41305,838,0.57845,784,0.73795,737,0.84201,804,0.3354,1169,0.39246,1096,0.24921,1094,0.37872,10,18,4,6,14,290,18,145,23,293,6,6,10,11,3,4,2,1
258,20695.59046,7.57895,626,0.25881,816,0.41458,845,0.5869,796,0.73804,753,0.84109,814,0.31225,1177,0.36172,1105,0.24177,1097,0.36892,9,23,5,15,15,318,19,160,23,288,7,7,10,11,3,4,3,2
259,20695.59046,8.0,637,0.25237,831,0.41072,853,0.59064,807,0.73775,760,0.83909,820,0.29789,1181,0.35562,1112,0.23812,1101,0.36176,1,0,2,1,15,338,19,145,23,248,7,7,10,11,3,4,3,2
260,22420.22039,3e-05,627,0.45389,907,0.65636,879,0.64428,922,0.79848,628,0.8194,347,0.52574,520,0.75023,611,0.70066,609,0.84704,34,269,21,361,15,360,20,365,12,43,1,0,9,40,13,46,8,19
261,22420.22039,0.42108,507,0.5891,556,0.53364,568,0.54505,584,0.73788,379,0.76243,285,0.64586,403,0.67348,381,0.64367,487,0.59529,10,24,8,20,4,5,6,15,3,3,6,10,3,2,5,4,1,0
262,22420.22039,0.84213,500,0.4966,543,0.54115,581,0.53474,569,0.73031,388,0.80547,308,0.61177,519,0.70628,483,0.48983,633,0.62962,4,5,3,2,2,1,2,2,5,13,2,5,8,20,4,5,7,17
263,22420.22039,1.26318,505,0.46968,554,0.50758,612,0.54113,581,0.74443,382,0.83573,391,0.60545,625,0.70545,604,0.53085,751,0.70962,5,7,6,9,6,21,9,36,5,11,10,20,8,24,12,21,14,43
264,22420.22039,1.68423,523,0.40308,554,0.48366,625,0.54632,567,0.74549,377,0.84288,446,0.57925,721,0.65988,709,0.49686,829,0.68935,7,17,3,2,9,42,4,5,8,16,9,19,3,2,7,19,13,42
265,22420.22039,2.10529,522,0.36799,561,0.48538,656,0.54683,574,0.74431,389,0.83914,490,0.55865,808,0.63645,787,0.49163,893,0.63388,4,7,5,9,10,62,9,26,9,29,9,19,3,3,6,11,12,38
266,22420.22039,2.52634,526,0.34987,572,0.47939,665,0.53673,586,0.74353,498,0.84302,546,0.54885,879,0.60664,856,0.4633,942,0.59326,6,6,5,9,8,20,9,44,10,87,7,17,3,4,1,0,5,10
267,22420.22039,2.94739,545,0.32709,593,0.46985,701,0.55469,595,0.74273,546,0.83785,589,0.51115,938,0.59592,901,0.44159,975,0.56232,5,8,3,3,11,104,8,56,12,57,1,0,3,4,4,3,2,2
268,22420.22039,3.36844,554,0.28735,615,0.46667,714,0.56208,619,0.7439,585,0.83539,624,0.47787,983,0.55117,932,0.40655,1001,0.53975,7,15,5,6,12,127,11,104,12,54,2,2,4,5,3,2,2,2
269,22420.22039,3.78949,555,0.28463,627,0.46261,734,0.56702,671,0.73872,614,0.83559,660,0.47285,1023,0.51905,957,0.38016,1026,0.514,7,13,6,6,13,149,10,49,13,74,2,2,5,6,3,3,1,0
270,22420.22039,4.21054,558,0.27432,645,0.45808,753,0.56121,695,0.73714,636,0.83577,693,0.44305,1053,0.50422,980,0.35864,1040,0.49963,3,2,5,9,12,138,10,38,14,105,3,3,6,7,3,3,1,0
271,22420.22039,4.63159,562,0.27561,667,0.44248,764,0.55649,706,0.73771,655,0.83328,713,0.42879,1078,0.48115,1009,0.3441,1052,0.48053,7,11,1,0,12,116,12,49,20,74,4,4,6,7,3,3,2,1
272,22420.22039,5.05264,566,0.27868,692,0.44064,771,0.55614,715,0.73241,674,0.83345,742,0.42012,1101,0.47295,1029,0.31939,1064,0.4557,14,27,8,10,12,121,8,16,21,94,4,4,7,8,3,4,2,1
273,22420.22039,5.47369,570,0.27933,743,0.43055,780,0.56067,730,0.73598,693,0.83482,757,0.40952,1123,0.46421,1044,0.28987,1074,0.43771,18,39,6,7,13,165,15,53,22,114,5,5,8,9,3,4,2,1
274,22420.22039,5.89474,576,0.27646,772,0.42368,795,0.56717,741,0.7386,707,0.83482,779,0.39209,1139,0.45438,1054,0.25643,1083,0.41563,11,27,7,10,14,223,16,116,22,134,5,5,8,9,3,3,2,1
275,22420.22039,6.3158,589,0.27064,782,0.42073,815,0.57378,762,0.73636,715,0.83602,786,0.3691,1153,0.43641,1074,0.25643,1088,0.39628,5,11,5,12,14,254,17,66,22,207,6,6,9,10,4,22,2,1
276,22420.22039,6.73685,597,0.26187,795,0.41913,828,0.58016,774,0.73701,723,0.83962,791,0.3399,1163,0.4234,1083,0.25284,1092,0.38285,8,11,6,18,14,280,18,105,23,262,6,6,9,10,3,4,2,1
277,22420.22039,7.1579,607,0.25901,805,0.41305,838,0.57703,784,0.73795,737,0.84201,804,0.3354,1169,0.39246,1096,0.24921,1094,0.37872,9,17,4,6,14,287,18,145,23,293,6,6,10,11,3,4,2,1
278,22420.22039,7.57895,621,0.25881,816,0.41458,846,0.58093,796,0.73804,753,0.84109,814,0.31225,1177,0.36172,1105,0.24177,1097,0.36892,8,21,5,15,15,313,19,160,23,288,7,7,10,11,3,4,3,2
279,22420.22039,8.0,638,0.25257,831,0.41072,850,0.58878,807,0.73775,760,0.83909,820,0.29789,1181,0.35562,1112,0.23812,1101,0.36176,4,4,2,1,15,326,19,145,23,248,7,7,10,11,3,4,3,2
280,24144.85033,3e-05,625,0.45389,908,0.65636,879,0.6451,919,0.79848,630,0.8194,349,0.52574,519,0.74879,611,0.70122,608,0.84759,32,265,22,362,15,366,20,362,14,46,2,2,9,37,14,48,8,19
281,24144.85033,0.42108,498,0.5883,553,0.53893,565,0.54674,578,0.73811,376,0.76096,282,0.64267,404,0.6728,383,0.63571,486,0.59751,6,8,8,18,4,5,5,12,1,0,3,6,2,1,6,5,1,0
282,24144.85033,0.84213,500,0.49707,544,0.53703,581,0.53264,569,0.73189,389,0.80547,301,0.61291,519,0.70628,484,0.49285,634,0.62922,5,6,3,2,1,0,3,3,6,15,2,5,8,20,5,10,8,18
283,24144.85033,1.26318,502,0.4646,554,0.50739,611,0.54271,582,0.74443,376,0.83638,391,0.60545,625,0.70545,603,0.52846,751,0.70782,3,3,5,8,6,23,9,38,3,4,10,20,8,24,10,17,13,39
284,24144.85033,1.68423,523,0.39994,552,0.47765,627,0.54288,570,0.7459,377,0.84414,446,0.57925,721,0.65988,707,0.49686,827,0.68935,6,15,1,0,9,39,9,21,8,17,9,19,3,2,6,13,13,40
285,24144.85033,2.10529,523,0.36254,564,0.48362,632,0.54002,573,0.74458,389,0.83914,490,0.55865,808,0.63645,787,0.49163,893,0.63308,4,5,4,7,9,32,9,26,9,29,9,19,3,3,6,11,12,36
286,24144.85033,2.52634,526,0.34771,572,0.47641,639,0.5386,586,0.74406,498,0.84302,546,0.54885,879,0.60664,856,0.4633,942,0.5924,5,5,3,3,9,30,9,50,10,87,7,17,3,4,1,0,4,4
287,24144.85033,2.94739,545,0.32257,592,0.46623,698,0.5538,596,0.74365,546,0.83785,589,0.51115,938,0.59592,901,0.44159,975,0.56232,4,6,1,0,11,98,9,72,12,57,1,0,3,4,4,3,2,2
288,24144.85033,3.36844,551,0.28712,614,0.46848,714,0.56058,621,0.74189,585,0.83539,624,0.47787,983,0.55117,932,0.40655,1001,0.53975,6,10,7,10,12,125,10,66,12,54,2,2,4,5,3,2,2,2
289,24144.85033,3.78949,553,0.2844,626,0.46261,734,0.56476,672,0.73897,614,0.83559,660,0.47285,1023,0.51905,957,0.38016,1026,0.514,6,9,5,5,13,143,11,55,13,74,2,2,5,6,3,3,1,0
290,24144.85033,4.21054,554,0.27187,646,0.45581,748,0.55726,695,0.73714,636,0.83577,693,0.44305,1053,0.50422,980,0.35864,1040,0.49963,2,1,5,8,12,118,10,38,14,105,3,3,6,7,3,3,1,0
291,24144.85033,4.63159,562,0.27582,668,0.44151,763,0.55486,706,0.73837,655,0.83328,713,0.42879,1078,0.48115,1009,0.3441,1052,0.48053,8,12,3,2,12,110,12,63,20,74,4,4,6,7,3,3,2,1
292,24144.85033,5.05264,565,0.2789,688,0.43826,772,0.55765,716,0.73241,674,0.83345,742,0.42012,1101,0.47295,1029,0.31939,1064,0.4557,14,24,5,6,12,133,9,19,21,94,4,4,7,8,3,4,2,1
293,24144.85033,5.47369,569,0.28216,744,0.43012,781,0.55731,730,0.73691,693,0.83482,757,0.40952,1123,0.46421,1044,0.28987,1074,0.43771,18,48,6,7,12,141,15,65,22,114,5,5,8,9,3,4,2,1
294,24144.85033,5.89474,575,0.27646,772,0.4222,795,0.57046,741,0.7386,707,0.83482,779,0.39209,1139,0.45438,1054,0.25643,1083,0.41563,10,25,6,9,14,234,16,116,22,134,5,5,8,9,3,3,2,1
295,24144.85033,6.3158,586,0.26768,783,0.41858,817,0.57683,762,0.73636,715,0.83602,786,0.3691,1153,0.43641,1074,0.25643,1088,0.39628,4,6,5,10,14,263,17,66,22,207,6,6,9,10,4,22,2,1
296,24144.85033,6.73685,596,0.25881,794,0.4161,826,0.57841,774,0.73701,723,0.83962,791,0.3399,1163,0.4234,1083,0.25284,1092,0.38285,6,6,4,7,14,273,18,105,23,262,6,6,9,10,3,4,2,1
297,24144.85033,7.1579,605,0.25901,805,0.41305,837,0.57913,784,0.73795,737,0.84201,804,0.3354,1169,0.39246,1096,0.24921,1094,0.37872,8,15,4,6,14,290,18,145,23,293,6,6,10,11,3,4,2,1
298,24144.85033,7.57895,615,0.25571,816,0.41458,845,0.57897,796,0.73804,753,0.84109,814,0.31225,1177,0.36172,1105,0.24177,1097,0.36892,7,8,5,15,15,303,19,160,23,288,7,7,10,11,3,4,3,2
299,24144.85033,8.0,636,0.25257,831,0.41072,850,0.58217,807,0.73775,760,0.83909,820,0.29789,1181,0.35562,1112,0.23812,1101,0.36176,3,2,2,1,15,319,19,145,23,248,7,7,10,11,3,4,3,2
300,25869.48026,3e-05,626,0.45389,907,0.65729,878,0.64434,919,0.80228,628,0.8194,347,0.52602,518,0.74927,610,0.70067,606,0.85024,33,267,22,362,15,361,20,365,12,43,3,3,8,20,13,46,8,19
301,25869.48026,0.42108,508,0.59012,557,0.53671,563,0.53889,577,0.73811,377,0.76549,279,0.64147,404,0.67416,382,0.63265,490,0.59345,11,25,9,29,3,3,4,11,4,3,2,5,5,5,5,4,2,1
302,25869.48026,0.84213,493,0.50086,543,0.53555,589,0.53702,568,0.73465,386,0.80616,249,0.61114,519,0.70628,479,0.48983,635,0.62882,3,2,2,1,4,9,2,2,6,13,1,0,8,20,3,3,8,18
303,25869.48026,1.26318,502,0.46497,553,0.50301,612,0.54702,579,0.74329,375,0.83865,391,0.60545,625,0.70545,604,0.52606,751,0.70782,4,5,4,6,7,32,8,23,2,2,10,20,8,24,8,15,13,39
304,25869.48026,1.68423,523,0.39994,553,0.48086,627,0.54189,570,0.74682,375,0.84114,446,0.57925,721,0.65988,707,0.49686,827,0.68935,6,15,2,1,9,36,10,24,3,4,9,19,3,2,6,13,13,40
305,25869.48026,2.10529,522,0.3605,558,0.48746,625,0.53871,572,0.74194,389,0.83914,490,0.55865,808,0.63645,787,0.49163,892,0.63308,3,3,7,9,8,27,5,13,9,29,9,19,3,3,6,11,12,31
306,25869.48026,2.52634,525,0.34665,570,0.47641,635,0.53817,585,0.74339,498,0.84302,546,0.54885,879,0.60664,856,0.4633,942,0.5924,4,3,2,1,8,25,8,37,10,87,7,17,3,4,1,0,4,4
307,25869.48026,2.94739,545,0.32257,592,0.46623,697,0.55238,596,0.74298,546,0.83785,589,0.51115,938,0.59592,901,0.44159,975,0.56232,4,6,1,0,11,93,9,60,12,57,1,0,3,4,4,3,2,2
308,25869.48026,3.36844,550,0.28165,612,0.46848,714,0.55824,622,0.74122,585,0.83539,624,0.47787,983,0.55117,932,0.40655,1001,0.53975,4,5,6,7,12,117,9,59,12,54,2,2,4,5,3,2,2,2
309,25869.48026,3.78949,551,0.2844,626,0.45944,732,0.56408,672,0.73897,614,0.83559,660,0.47285,1023,0.51905,957,0.38016,1026,0.514,5,8,4,4,13,142,11,55,13,74,2,2,5,6,3,3,1,0
310,25869.48026,4.21054,554,0.27166,644,0.45354,749,0.55726,695,0.7378,636,0.83577,693,0.44305,1053,0.50422,980,0.35864,1040,0.49963,1,0,3,2,12,119,11,46,14,105,3,3,6,7,3,3,1,0
311,25869.48026,4.63159,564,0.27868,668,0.44248,764,0.55404,707,0.73771,655,0.83328,713,0.42879,1078,0.48115,1009,0.3441,1052,0.48053,12,20,4,4,11,105,13,53,20,74,4,4,6,7,3,3,2,1
312,25869.48026,5.05264,564,0.27911,687,0.43771,775,0.55515,716,0.73334,674,0.83345,742,0.42012,1101,0.47295,1029,0.31939,1064,0.4557,13,21,4,5,12,121,10,22,21,94,4,4,7,8,3,4,2,1
313,25869.48026,5.47369,570,0.28216,735,0.42534,781,0.55562,730,0.73691,693,0.83482,757,0.40952,1123,0.46421,1044,0.28987,1074,0.43771,19,52,5,5,12,126,15,65,22,114,5,5,8,9,3,4,2,1
314,25869.48026,5.89474,573,0.27064,772,0.42156,795,0.57183,741,0.7386,707,0.83482,779,0.39209,1139,0.45438,1054,0.25643,1083,0.41563,1,0,5,8,14,237,16,116,22,134,5,5,8,9,3,3,2,1
315,25869.48026,6.3158,585,0.25881,779,0.41708,814,0.57583,762,0.73636,715,0.83602,786,0.3691,1153,0.43641,1074,0.25643,1088,0.39628,1,0,4,8,14,258,17,66,22,207,6,6,9,10,4,22,2,1
316,25869.48026,6.73685,596,0.25881,794,0.4161,826,0.57538,774,0.73701,723,0.83962,791,0.3399,1163,0.4234,1083,0.25284,1092,0.38285,6,6,4,7,14,268,18,105,23,262,6,6,9,10,3,4,2,1
317,25869.48026,7.1579,605,0.25901,805,0.41305,838,0.57466,784,0.73795,737,0.84201,804,0.3354,1169,0.39246,1096,0.24921,1094,0.37872,8,15,4,6,14,274,18,145,23,293,6,6,10,11,3,4,2,1
318,25869.48026,7.57895,614,0.25571,816,0.41458,843,0.58001,796,0.73804,753,0.84109,814,0.31225,1177,0.36172,1105,0.24177,1097,0.36892,6,7,5,15,15,303,19,160,23,288,7,7,10,11,3,4,3,2
319,25869.48026,8.0,634,0.25257,831,0.41072,851,0.57863,807,0.73775,760,0.83909,820,0.29789,1181,0.35562,1112,0.23812,1101,0.36176,2,1,2,1,15,306,19,145,23,248,7,7,10,11,3,4,3,2
320,27594.1102,3e-05,626,0.45389,905,0.65822,877,0.64434,915,0.79834,629,0.8194,344,0.52602,519,0.74975,608,0.70291,606,0.85135,33,267,22,362,15,359,20,361,13,45,1,0,9,39,13,45,9,20
321,27594.1102,0.42108,512,0.58545,551,0.53449,564,0.53833,580,0.73833,377,0.76476,278,0.6467,408,0.67416,381,0.62909,493,0.58634,9,24,4,8,3,3,5,14,3,2,3,6,6,7,4,3,3,3
322,27594.1102,0.84213,493,0.50265,545,0.53386,588,0.53499,568,0.73602,386,0.80616,248,0.61152,519,0.70628,476,0.48983,634,0.62842,4,3,3,2,3,8,3,5,6,13,1,0,8,20,2,1,7,17
323,27594.1102,1.26318,498,0.46356,550,0.50178,606,0.54743,572,0.74262,371,0.84091,391,0.60545,625,0.70545,605,0.52442,751,0.70782,2,2,3,3,6,24,7,17,1,0,10,20,8,24,8,15,13,39
324,27594.1102,1.68423,520,0.39711,557,0.48037,624,0.53934,570,0.7459,377,0.84014,446,0.57925,721,0.65988,707,0.49686,826,0.69005,5,6,2,2,8,28,9,21,7,10,9,19,3,2,6,13,13,39
325,27594.1102,2.10529,524,0.35757,560,0.49001,621,0.53806,571,0.74062,389,0.83914,490,0.55865,808,0.63645,787,0.49163,893,0.63228,3,3,8,13,7,20,4,10,9,29,9,19,3,3,6,11,12,33
326,27594.1102,2.52634,526,0.34389,571,0.47687,636,0.53982,584,0.74339,498,0.84302,546,0.54885,879,0.60664,856,0.4633,942,0.5924,4,3,3,3,9,32,7,31,10,87,7,17,3,4,1,0,4,4
327,27594.1102,2.94739,541,0.32015,593,0.46623,697,0.55521,596,0.74231,546,0.83785,589,0.51115,938,0.59592,901,0.44159,975,0.56232,3,3,2,2,11,102,8,49,12,57,1,0,3,4,4,3,2,2
328,27594.1102,3.36844,551,0.27866,611,0.46894,714,0.55908,624,0.74214,585,0.83539,624,0.47787,983,0.55117,932,0.40655,1001,0.53975,3,3,6,7,12,122,10,78,12,54,2,2,4,5,3,2,2,2
329,27594.1102,3.78949,550,0.28485,625,0.45717,733,0.56484,672,0.73897,614,0.83559,660,0.47285,1023,0.51905,957,0.38016,1026,0.514,5,7,3,3,13,143,11,55,13,74,2,2,5,6,3,3,1,0
330,27594.1102,4.21054,554,0.27475,644,0.44982,748,0.55803,694,0.7378,636,0.83577,693,0.44305,1053,0.50422,980,0.35864,1040,0.49963,3,2,2,1,12,122,11,42,14,105,3,3,6,7,3,3,1,0
331,27594.1102,4.63159,563,0.28129,669,0.44151,766,0.5524,706,0.73704,655,0.83328,713,0.42879,1078,0.48115,1009,0.3441,1052,0.48053,11,22,4,4,11,101,11,40,20,74,4,4,6,7,3,3,2,1
332,27594.1102,5.05264,562,0.27933,688,0.43858,773,0.55348,716,0.73334,674,0.83345,742,0.42012,1101,0.47295,1029,0.31939,1064,0.4557,10,19,6,7,11,106,10,22,21,94,4,4,7,8,3,4,2,1
333,27594.1102,5.47369,569,0.28216,704,0.42137,781,0.55647,730,0.73691,693,0.83482,757,0.40952,1123,0.46421,1044,0.28987,1074,0.43771,18,48,4,3,12,131,15,65,22,114,5,5,8,9,3,4,2,1
334,27594.1102,5.89474,574,0.27064,770,0.41858,795,0.57171,741,0.7386,707,0.83482,779,0.39209,1139,0.45438,1054,0.25643,1083,0.41563,2,1,4,4,14,236,16,116,22,134,5,5,8,9,3,3,2,1
335,27594.1102,6.3158,586,0.25881,778,0.41144,814,0.57451,762,0.73636,715,0.83602,786,0.3691,1153,0.43641,1074,0.25643,1088,0.39628,2,1,3,4,14,254,17,66,22,207,6,6,9,10,4,22,2,1
336,27594.1102,6.73685,596,0.25881,794,0.4161,821,0.57409,774,0.73701,723,0.83962,791,0.3399,1163,0.4234,1083,0.25284,1092,0.38285,6,6,4,7,14,257,18,105,23,262,6,6,9,10,3,4,2,1
337,27594.1102,7.1579,600,0.2559,805,0.41305,834,0.57264,784,0.73795,737,0.84201,804,0.3354,1169,0.39246,1096,0.24921,1094,0.37872,3,3,4,6,14,260,18,145,23,293,6,6,10,11,3,4,2,1
338,27594.1102,7.57895,613,0.25571,816,0.41458,841,0.57394,796,0.73804,753,0.84109,814,0.31225,1177,0.36172,1105,0.24177,1097,0.36892,5,6,5,15,14,267,19,160,23,288,7,7,10,11,3,4,3,2
339,27594.1102,8.0,632,0.25276,831,0.41072,852,0.57506,807,0.73775,760,0.83909,820,0.29789,1181,0.35562,1112,0.23812,1101,0.36176,3,2,2,1,15,290,19,145,23,248,7,7,10,11,3,4,3,2
340,29318.74013,3e-05,624,0.45389,907,0.65755,879,0.64434,918,0.80072,626,0.81883,345,0.52602,518,0.75358,609,0.70571,602,0.85385,31,260,23,365,15,364,20,363,10,40,2,1,8,23,14,48,9,20
341,29318.74013,0.42108,504,0.58683,551,0.53511,560,0.53496,581,0.73765,376,0.76329,276,0.64871,410,0.6772,381,0.62259,491,0.5852,8,18,5,9,2,1,5,13,2,1,4,7,7,10,3,2,2,1
342,29318.74013,0.84213,496,0.50339,545,0.53025,584,0.54035,566,0.73423,383,0.80593,248,0.61152,519,0.70628,476,0.4902,636,0.62882,5,5,2,1,4,9,1,0,5,12,1,0,8,20,3,3,9,20
343,29318.74013,1.26318,494,0.46074,546,0.50028,610,0.54665,572,0.74238,371,0.84124,391,0.60545,625,0.70545,603,0.52893,751,0.70648,1,0,1,0,7,27,6,16,2,1,10,20,8,24,11,18,13,38
344,29318.74013,1.68423,520,0.3921,558,0.47735,624,0.53771,570,0.7459,377,0.83914,446,0.57925,721,0.65988,707,0.49686,825,0.68814,4,5,2,1,8,22,9,21,5,8,9,19,3,2,6,13,12,37
345,29318.74013,2.10529,521,0.35577,557,0.49128,622,0.53836,568,0.74154,389,0.83914,490,0.55865,808,0.63645,787,0.49163,893,0.63148,1,0,7,9,8,23,4,6,9,29,9,19,3,3,6,11,11,28
346,29318.74013,2.52634,525,0.34168,572,0.47556,638,0.54165,585,0.74273,498,0.84302,546,0.54885,879,0.60664,856,0.4633,942,0.5924,3,2,1,0,9,41,7,32,10,87,7,17,3,4,1,0,4,4
347,29318.74013,2.94739,538,0.31797,594,0.46623,663,0.5541,595,0.74256,546,0.83785,589,0.51115,938,0.59592,901,0.44159,975,0.56232,2,2,3,3,11,87,8,52,12,57,1,0,3,4,4,3,2,2
348,29318.74013,3.36844,547,0.27866,611,0.46939,715,0.55908,628,0.74147,585,0.83539,624,0.47787,983,0.55117,932,0.40655,1001,0.53975,2,1,7,8,12,124,10,68,12,54,2,2,4,5,3,2,2,2
349,29318.74013,3.78949,546,0.2821,624,0.45581,731,0.56256,672,0.73921,614,0.83559,660,0.47285,1023,0.51905,957,0.38016,1026,0.514,4,3,2,1,12,136,11,60,13,74,2,2,5,6,3,3,1,0
350,29318.74013,4.21054,556,0.27518,645,0.45121,750,0.55803,692,0.73939,636,0.83577,693,0.44305,1053,0.50422,980,0.35864,1040,0.49963,4,3,4,4,12,124,12,68,14,105,3,3,6,7,3,3,1,0
351,29318.74013,4.63159,562,0.28151,669,0.43869,765,0.54744,706,0.73796,655,0.83328,713,0.42879,1078,0.48115,1009,0.3441,1052,0.48053,11,21,3,2,11,74,12,56,20,74,4,4,6,7,3,3,2,1
352,29318.74013,5.05264,562,0.27646,687,0.43672,774,0.54747,716,0.73334,674,0.83345,742,0.42012,1101,0.47295,1029,0.31939,1064,0.4557,9,14,3,3,11,79,10,22,21,94,4,4,7,8,3,4,2,1
353,29318.74013,5.47369,566,0.28238,701,0.41924,781,0.55127,730,0.73691,693,0.83482,757,0.40952,1123,0.46421,1044,0.28987,1074,0.43771,17,41,3,2,11,94,15,65,22,114,5,5,8,9,3,4,2,1
354,29318.74013,5.89474,576,0.26768,764,0.41448,794,0.56901,741,0.7386,707,0.83482,779,0.39209,1139,0.45438,1054,0.25643,1083,0.41563,3,2,3,2,14,227,16,116,22,134,5,5,8,9,3,3,2,1
355,29318.74013,6.3158,586,0.25881,777,0.41144,812,0.57073,762,0.73636,715,0.83602,786,0.3691,1153,0.43641,1074,0.25643,1088,0.39628,2,1,2,1,14,243,17,66,22,207,6,6,9,10,4,22,2,1
356,29318.74013,6.73685,597,0.25881,794,0.4161,822,0.56828,774,0.73701,723,0.83962,791,0.3399,1163,0.4234,1083,0.25284,1092,0.38285,7,10,4,7,14,236,18,105,23,262,6,6,9,10,3,4,2,1
357,29318.74013,7.1579,599,0.25571,805,0.41305,834,0.56887,784,0.73795,737,0.84201,804,0.3354,1169,0.39246,1096,0.24921,1094,0.37872,2,1,4,6,14,241,18,145,23,293,6,6,10,11,3,4,2,1
358,29318.74013,7.57895,612,0.25571,816,0.41458,844,0.57003,796,0.73804,753,0.84109,814,0.31225,1177,0.36172,1105,0.24177,1097,0.36892,4,5,5,15,14,251,19,160,23,288,7,7,10,11,3,4,3,2
359,29318.74013,8.0,630,0.25276,831,0.41072,852,0.57076,807,0.73775,760,0.83909,820,0.29789,1181,0.35562,1112,0.23812,1101,0.36176,2,1,2,1,14,258,19,145,23,248,7,7,10,11,3,4,3,2
360,31043.37007,3e-05,624,0.45389,906,0.65755,877,0.64434,912,0.79996,626,0.81883,344,0.53165,518,0.75167,609,0.70792,603,0.85147,31,260,22,362,15,359,20,361,10,40,2,1,8,21,14,49,9,20
361,31043.37007,0.42108,507,0.58623,561,0.53902,560,0.53494,582,0.73697,375,0.76573,272,0.64871,412,0.67855,378,0.61901,491,0.5852,9,21,10,41,1,0,5,13,1,0,3,6,7,11,1,0,2,1
362,31043.37007,0.84213,499,0.50905,547,0.53025,583,0.54271,567,0.73602,384,0.80799,248,0.61152,519,0.70628,469,0.4902,635,0.62882,6,8,3,3,4,7,2,3,6,13,1,0,8,20,2,1,8,18
363,31043.37007,1.26318,493,0.46497,550,0.49754,609,0.54806,571,0.74238,370,0.84253,391,0.60545,625,0.70545,600,0.52769,752,0.70514,2,1,2,1,7,28,5,14,1,0,10,20,8,24,9,16,13,38
364,31043.37007,1.68423,518,0.3903,560,0.47608,624,0.53998,570,0.74498,378,0.83914,446,0.57925,721,0.65988,707,0.49686,826,0.68814,3,2,1,0,9,29,8,18,6,9,9,19,3,2,6,13,12,38
365,31043.37007,2.10529,519,0.362,557,0.48746,619,0.5377,567,0.74221,389,0.83914,490,0.55865,808,0.63645,787,0.49163,893,0.63148,1,0,6,7,7,19,3,4,9,29,9,19,3,3,6,11,11,28
366,31043.37007,2.52634,522,0.34112,572,0.47649,636,0.54188,586,0.74298,498,0.84302,546,0.54885,879,0.60664,856,0.4633,942,0.5924,2,1,4,4,9,41,7,34,10,87,7,17,3,4,1,0,4,4
367,31043.37007,2.94739,537,0.31552,595,0.46488,658,0.55585,594,0.74281,546,0.83785,589,0.51115,938,0.59592,901,0.44159,975,0.56232,1,0,1,0,11,83,8,53,12,57,1,0,3,4,4,3,2,2
368,31043.37007,3.36844,547,0.27866,610,0.4712,714,0.55656,625,0.74147,585,0.83539,624,0.47787,983,0.55117,932,0.40655,1001,0.53975,2,1,6,10,12,110,10,65,12,54,2,2,4,5,3,2,2,2
369,31043.37007,3.78949,544,0.27932,624,0.45445,729,0.55875,672,0.73854,614,0.83559,660,0.47285,1023,0.51905,957,0.38016,1026,0.514,2,1,1,0,12,123,10,47,13,74,2,2,5,6,3,3,1,0
370,31043.37007,4.21054,557,0.27539,645,0.45032,748,0.55227,693,0.73939,636,0.83577,693,0.44305,1053,0.50422,980,0.35864,1040,0.49963,5,5,3,3,11,95,12,70,14,105,3,3,6,7,3,3,1,0
371,31043.37007,4.63159,563,0.28151,668,0.43728,766,0.54578,706,0.73889,655,0.83328,713,0.42879,1078,0.48115,1009,0.3441,1052,0.48053,12,24,2,1,11,68,12,75,20,74,4,4,6,7,3,3,2,1
372,31043.37007,5.05264,565,0.27357,685,0.43097,772,0.54234,716,0.73334,674,0.83345,742,0.42012,1101,0.47295,1029,0.31939,1064,0.4557,3,2,2,1,10,54,10,22,21,94,4,4,7,8,3,4,2,1
373,31043.37007,5.47369,567,0.27668,700,0.41883,778,0.54931,730,0.73691,693,0.83482,757,0.40952,1123,0.46421,1044,0.28987,1074,0.43771,11,20,2,1,11,86,15,65,22,114,5,5,8,9,3,4,2,1
374,31043.37007,5.89474,575,0.26768,761,0.41184,793,0.56264,741,0.7386,707,0.83482,779,0.39209,1139,0.45438,1054,0.25643,1083,0.41563,2,1,2,1,13,189,16,116,22,134,5,5,8,9,3,3,2,1
375,31043.37007,6.3158,587,0.25881,777,0.41144,812,0.5641,762,0.73636,715,0.83602,786,0.3691,1153,0.43641,1074,0.25643,1088,0.39628,3,3,2,1,13,203,17,66,22,207,6,6,9,10,4,22,2,1
376,31043.37007,6.73685,596,0.25881,794,0.4161,823,0.56841,774,0.73701,723,0.83962,791,0.3399,1163,0.4234,1083,0.25284,1092,0.38285,6,6,4,7,14,237,18,105,23,262,6,6,9,10,3,4,2,1
377,31043.37007,7.1579,599,0.25571,805,0.41305,832,0.56914,784,0.73795,737,0.84201,804,0.3354,1169,0.39246,1096,0.24921,1094,0.37872,2,1,4,6,14,243,18,145,23,293,6,6,10,11,3,4,2,1
378,31043.37007,7.57895,610,0.25571,816,0.41458,844,0.56555,796,0.73804,753,0.84109,814,0.31225,1177,0.36172,1105,0.24177,1097,0.36892,3,4,5,15,14,220,19,160,23,288,7,7,10,11,3,4,3,2
379,31043.37007,8.0,629,0.25296,831,0.41072,850,0.56627,807,0.73775,760,0.83909,820,0.29789,1181,0.35562,1112,0.23812,1101,0.36176,3,2,2,1,14,226,19,145,23,248,7,7,10,11,3,4,3,2
380,32768.0,3e-05,624,0.45735,905,0.65755,877,0.64439,913,0.80299,628,0.81883,344,0.53444,517,0.75215,609,0.70347,602,0.85147,32,266,21,361,15,361,20,362,11,42,3,2,8,20,13,47,8,19
381,32768.0,0.42108,505,0.58484,562,0.53963,561,0.53488,580,0.73697,373,0.7672,271,0.6463,414,0.67953,378,0.62053,488,0.58293,8,20,11,44,1,0,4,11,1,0,2,5,7,12,2,1,1,0
382,32768.0,0.84213,499,0.50947,542,0.52946,585,0.54435,565,0.73581,385,0.80843,248,0.61152,519,0.70628,435,0.48947,636,0.62882,7,9,1,0,5,11,1,0,7,15,1,0,8,20,1,0,9,20
383,32768.0,1.26318,488,0.46259,549,0.49187,608,0.55075,571,0.74396,370,0.84446,391,0.60545,625,0.70545,596,0.52769,751,0.70467,1,0,1,0,7,28,8,19,2,1,10,20,8,24,8,15,12,37
384,32768.0,1.68423,517,0.38883,555,0.47657,604,0.54032,569,0.74406,377,0.83976,446,0.57925,721,0.65988,707,0.49686,827,0.68814,2,1,1,0,5,15,7,15,6,9,9,19,3,2,6,13,13,39
385,32768.0,2.10529,517,0.36405,555,0.4841,617,0.53675,568,0.74154,389,0.83914,490,0.55865,808,0.63645,787,0.49163,893,0.63148,1,0,4,4,6,15,4,6,9,29,9,19,3,3,6,11,11,28
386,32768.0,2.52634,522,0.33639,573,0.47649,637,0.54461,585,0.74165,498,0.84302,546,0.54885,879,0.60664,856,0.4633,942,0.5924,1,0,5,5,10,50,6,25,10,87,7,17,3,4,1,0,4,4
387,32768.0,2.94739,537,0.31552,595,0.46623,654,0.55309,593,0.74147,546,0.83785,589,0.51115,938,0.59592,901,0.44159,975,0.56232,1,0,4,5,10,76,7,33,12,57,1,0,3,4,4,3,2,2
388,32768.0,3.36844,544,0.27608,607,0.46848,715,0.55413,627,0.74238,585,0.83539,624,0.47787,983,0.55117,932,0.40655,1001,0.53975,1,0,5,6,11,103,11,88,12,54,2,2,4,5,3,2,2,2
389,32768.0,3.78949,546,0.27954,625,0.44943,729,0.55151,672,0.73854,614,0.83559,660,0.47285,1023,0.51905,957,0.38016,1026,0.514,3,2,1,0,11,87,10,47,13,74,2,2,5,6,3,3,1,0
390,32768.0,4.21054,556,0.27518,645,0.44938,748,0.54805,694,0.73964,636,0.83577,693,0.44305,1053,0.50422,980,0.35864,1040,0.49963,4,3,1,0,11,74,12,80,14,105,3,3,6,7,3,3,1,0
391,32768.0,4.63159,565,0.27868,668,0.43486,766,0.54412,706,0.73955,655,0.83328,713,0.42879,1078,0.48115,1009,0.3441,1052,0.48053,13,23,1,0,10,58,13,92,20,74,4,4,6,7,3,3,2,1
392,32768.0,5.05264,568,0.27357,682,0.42619,770,0.54234,716,0.73334,674,0.83345,742,0.42012,1101,0.47295,1029,0.31939,1064,0.4557,4,3,1,0,10,53,10,22,21,94,4,4,7,8,3,4,2,1
393,32768.0,5.47369,566,0.27668,698,0.41626,777,0.55236,730,0.73691,693,0.83482,757,0.40952,1123,0.46421,1044,0.28987,1074,0.43771,10,19,1,0,11,103,15,65,22,114,5,5,8,9,3,4,2,1
394,32768.0,5.89474,575,0.26469,722,0.40878,791,0.55873,741,0.7386,707,0.83482,779,0.39209,1139,0.45438,1054,0.25643,1083,0.41563,1,0,1,0,13,154,16,116,22,134,5,5,8,9,3,3,2,1
395,32768.0,6.3158,588,0.25881,777,0.41144,813,0.55946,762,0.73636,715,0.83602,786,0.3691,1153,0.43641,1074,0.25643,1088,0.39628,4,4,2,1,13,161,17,66,22,207,6,6,9,10,4,22,2,1
396,32768.0,6.73685,595,0.25881,794,0.4161,822,0.56423,774,0.73701,723,0.83962,791,0.3399,1163,0.4234,1083,0.25284,1092,0.38285,5,5,4,7,13,206,18,105,23,262,6,6,9,10,3,4,2,1
397,32768.0,7.1579,598,0.25571,805,0.41305,833,0.56767,784,0.73795,737,0.84201,804,0.3354,1169,0.39246,1096,0.24921,1094,0.37872,1,0,4,6,14,231,18,145,23,293,6,6,10,11,3,4,2,1
398,32768.0,7.57895,610,0.25257,816,0.41458,844,0.56363,796,0.73804,753,0.84109,814,0.31225,1177,0.36172,1105,0.24177,1097,0.36892,1,0,5,15,13,201,19,160,23,288,7,7,10,11,3,4,3,2
399,32768.0,8.0,625,0.25296,831,0.41072,850,0.56396,807,0.73775,760,0.83909,820,0.29789,1181,0.35562,1112,0.23812,1101,0.36176,2,1,2,1,13,203,19,145,23,248,7,7,10,11,3,4,3,2
